4,15,internet,Não informado,2023-02-09 10:24:10,0,2022-10-31 17:58:36,0,0
5,23,PC NAO LIGA,DAIANE,2022-11-01 08:00:00,14,2022-11-01 10:08:23,0,0
6,23,PROBLEMA NA IMPRESSORA,Não informado,2022-11-01 08:00:00,0,2022-11-01 10:13:06,0,0
7,23,PROBLEMA NO TECLADO,Joel,2022-11-01 08:00:00,26,2022-11-01 10:28:10,0,0
8,23,Scanner não funciona,Emilene,2022-11-01 08:00:00,13,2022-11-01 10:30:30,0,0
9,23,Não Especificado,Não informado,2022-11-01 08:00:00,8,2022-11-01 10:56:32,0,0
10,23,Pc ruim,Não informado,2022-11-01 08:00:00,51,2022-11-01 11:42:32,0,0
11,24,formatar computadores que foram trocados pelos novos para entregar para outros servidores,Léo Cooper,2022-11-01 08:00:00,5,2022-11-01 14:23:58,0,0
12,22,Siscom Sistema travando ,Ney ,2022-11-01 08:00:00,29,2022-11-01 14:58:58,0,0
14,21,Token Michelle,Michelle,2022-11-01 08:00:00,4,2022-11-01 17:45:22,0,0
15,15,teste,Não informado,2022-11-01 08:00:00,0,2022-11-01 17:55:19,0,0
16,21,Site câmara não entra,Mary,2022-11-01 08:00:00,10,2022-11-03 08:22:36,0,0
18,22,Site não abre,Silvia,2022-11-01 08:00:00,28,2022-11-03 10:02:20,0,0
19,22,Arquivo não abre,Alexandre Brum,2022-11-01 08:00:00,35,2022-11-03 10:48:55,0,0
20,22,Maquina Lenta,Michelle,2022-11-01 08:00:00,4,2022-11-03 10:49:33,0,0
21,23,PROBLEMA NA IMPRESSORA,Gilmar,2022-11-01 08:00:00,6,2022-11-04 08:32:44,0,0
22,23,PC NAO LIGA,Rose,2022-11-01 08:00:00,51,2022-11-04 08:56:51,0,0
23,23,Instalar roteador,Não informado,2022-11-01 08:00:00,15,2022-11-04 09:30:09,0,0
24,23,Sem Internet,Pedro,2022-11-01 08:00:00,45,2022-11-04 09:35:22,0,0
25,23,Rede,Não informado,2022-11-01 08:00:00,45,2022-11-04 10:31:41,0,0
26,15,Pc não liga,Dani,2022-11-01 08:00:00,6,2022-11-07 08:42:39,0,0
27,23,PC NAO LIGA,Não informado,2022-11-01 08:00:00,6,2022-11-07 09:25:23,0,0
28,15,Impressora,Luciana,2022-11-01 08:00:00,23,2022-11-07 10:16:35,0,0
29,23,Instalar PC,Fernando,2022-11-01 08:00:00,0,2022-11-07 10:21:24,0,0
30,23,PROBLEMA NA IMPRESSORA,Não informado,2022-11-01 08:00:00,23,2022-11-07 10:46:50,0,0
31,23,INSTALAR ANYDESK,Ana,2022-11-01 08:00:00,19,2022-11-07 11:00:49,0,0
32,15,Sem rede ,Setor,2022-11-01 08:00:00,8,2022-11-07 14:24:02,0,0
33,21,Sem internet,Marcelo,2022-11-01 08:00:00,0,2022-11-07 15:18:53,0,0
34,24,pc não liga - estão trazendo,marcia ancinello,2022-11-01 08:00:00,0,2022-11-07 15:19:46,0,0
35,26,teclado,mônica,2022-11-01 08:00:00,11,2022-11-07 16:05:36,0,0
37,24,escaner,Giovane - atendimento,2022-11-01 08:00:00,6,2022-11-08 08:24:04,0,0
38,24,organizar os fios na sala do Vice,Giliane,2022-11-01 08:00:00,11,2022-11-08 08:46:39,0,0
39,23,Não Especificado,Luciano,2022-11-01 08:00:00,29,2022-11-08 08:57:34,0,0
40,21,Scanner,Ricardo,2022-11-01 08:00:00,38,2022-11-08 10:14:01,0,0
41,23,Problema no acesso,Não informado,2022-11-01 08:00:00,29,2022-11-08 10:15:15,0,0
43,24,fazer ponteira - motora ta vindo,marcelo,2022-11-01 08:00:00,0,2022-11-08 14:39:33,0,0
44,24,arrumar wi-fi e cabo de rede,vice,2022-11-01 08:00:00,11,2022-11-08 16:03:48,0,0
54,24,configurar impressora e PC,Claudiomiro - Fabrício,2022-11-01 08:00:00,21,2022-11-09 09:21:52,0,0
55,24,pc não liga,Tati,2022-11-01 08:00:00,49,2022-11-09 09:23:28,0,0
56,23,PC NAO LIGA,Marcelo,2022-11-01 08:00:00,35,2022-11-09 09:40:14,0,0
57,24,sem internet,tania,2022-11-01 08:00:00,20,2022-11-10 08:43:50,0,0
58,23,Acesso ao banco,Não informado,2022-11-01 08:00:00,29,2022-11-10 09:06:12,0,0
59,23,Sem Internet,Ana ,2022-11-01 08:00:00,13,2022-11-10 10:48:42,0,0
60,15,tesste,Não informado,2022-11-01 08:00:00,0,2022-11-10 12:13:44,0,0
61,15,teste,Não informado,2022-11-01 08:00:00,0,2022-11-10 14:32:49,0,0
62,23,teste,Não informado,2022-11-01 08:00:00,0,2022-11-10 14:35:25,0,0
63,23,teste conclusao,Não informado,2022-11-01 08:00:00,0,2022-11-10 14:37:33,0,0
64,26,email,maíza,2022-11-01 08:00:00,53,2022-11-10 14:57:16,0,0
65,24,"sala do Carnaval - instalar ""algo""",51 Elton,2022-11-01 08:00:00,15,2022-11-10 16:01:55,0,0
66,23,Problema na configuração,Rose,2022-11-01 08:00:00,19,2022-11-11 08:18:14,0,0
67,15,Curto circuito ,Setor,2022-11-01 08:00:00,21,2022-11-11 08:36:53,0,0
68,15,Instalar internet as 10h,Elton,2022-11-01 08:00:00,0,2022-11-11 08:48:18,0,0
69,15,impressora,Não informado,2022-11-01 08:00:00,0,2022-11-11 09:14:08,0,0
70,23,Sem internet ,Não informado,2022-11-01 08:00:00,0,2022-11-11 09:38:25,0,0
71,23,Teclado ,Não informado,2022-11-01 08:00:00,7,2022-11-11 09:58:37,0,0
72,23,Problema no word,Ieda,2022-11-01 08:00:00,28,2022-11-11 10:14:22,0,0
73,23,Não Especificado,Não informado,2022-11-01 08:00:00,0,2022-11-11 10:30:28,0,0
74,23,Atualização DCTF,Ieda,2022-11-01 08:00:00,28,2022-11-11 10:44:40,0,0
75,23,Não Especificado,Não informado,2022-11-01 08:00:00,12,2022-11-11 10:56:47,0,0
76,23,Não Especificado,Não informado,2022-11-01 08:00:00,0,2022-11-11 11:24:02,0,0
77,23,Problema no DCTF,Ieda,2022-11-01 08:00:00,28,2022-11-11 11:34:20,0,0
78,15,Internet ,Daiane,2022-11-01 08:00:00,15,2022-11-11 11:42:09,0,0
79,23,Problema para acessar arquivo ,Não informado,2022-11-01 08:00:00,27,2022-11-14 09:23:17,0,0
80,24,instalar PC na sala de licitações - um melhor,Pâmela,2022-11-01 08:00:00,10,2022-11-14 09:41:44,0,0
81,24,instalar PC na diretoria RH,Pâmela,2022-11-01 08:00:00,6,2022-11-14 09:42:20,0,0
83,15,Secad ,Não informado,2022-11-01 08:00:00,8,2022-11-14 18:52:28,0,0
84,23,Não específicado,Não informado,2022-11-01 08:00:00,35,2022-11-16 08:21:09,0,0
85,23,Trocar senha,Cris,2022-11-01 08:00:00,36,2022-11-16 08:29:00,0,0
86,23,Configurar impressora,Não informado,2022-11-01 08:00:00,54,2022-11-16 09:43:59,0,0
87,24,configurar impressora etiquetas,tania,2022-11-01 08:00:00,20,2022-11-16 09:48:14,0,0
88,23,Problema no word,ANA,2022-11-01 08:00:00,0,2022-11-16 09:57:52,0,0
89,23,Problema para acessar arquivo ,Valdir ,2022-11-01 08:00:00,0,2022-11-17 09:04:47,0,0
91,24,trocar teclado estagiária,bruno,2022-11-01 08:00:00,8,2022-11-17 10:32:21,0,0
92,24,impressora,Não informado,2022-11-01 08:00:00,18,2022-11-17 10:42:08,0,0
93,24,pc não liga,cris,2022-11-01 08:00:00,36,2022-11-17 14:07:05,0,0
94,26,sem internet,Não informado,2022-11-01 08:00:00,0,2022-11-17 15:45:54,0,0
95,23,Datashow,DAIANE,2022-11-01 08:00:00,12,2022-11-18 09:27:21,0,0
96,23,Datashow ,Daiane,2022-11-01 08:00:00,12,2022-11-18 09:27:42,0,0
97,23,Sem internet ,Não informado,2022-11-01 08:00:00,0,2022-11-21 08:28:52,0,0
98,23,Sem internet ,Não informado,2022-11-01 08:00:00,0,2022-11-21 09:07:25,0,0
99,23,Sem Internet,Maria Lucia,2022-11-01 08:00:00,0,2022-11-21 09:11:49,0,0
100,24,sem internet 2º andar,hamilton,2022-11-01 08:00:00,8,2022-11-21 09:16:49,0,0
101,23,PC NAO LIGA,Giovane,2022-11-01 08:00:00,6,2022-11-21 09:52:49,0,0
102,23,Problema no teclado ,Milene,2022-11-01 08:00:00,13,2022-11-21 10:12:51,0,0
103,23,Não Especificado,Não informado,2022-11-01 08:00:00,19,2022-11-21 10:25:59,0,0
104,23,PC sem internet,Advogada,2022-11-01 08:00:00,54,2022-11-22 08:40:11,0,0
105,23,Não Especificado,Não informado,2022-11-01 08:00:00,0,2022-11-22 09:38:40,0,0
106,23,Não Especificado,Não informado,2022-11-01 08:00:00,0,2022-11-22 09:46:18,0,0
109,15,Pc silvia,Silvia ,2022-11-01 08:00:00,5,2022-11-23 08:27:28,0,0
110,24,manutenção - limpeza - pc lento - pegar de tarde,Emilene,2022-11-01 08:00:00,13,2022-11-23 08:44:54,0,0
111,23,Não específicado,Luciana ,2022-11-01 08:00:00,6,2022-11-23 08:45:32,0,0
112,23,Pc não liga,Não informado,2022-11-01 08:00:00,0,2022-11-23 09:12:55,0,0
113,23,Sem internet ,Não informado,2022-11-01 08:00:00,0,2022-11-23 09:39:17,0,0
114,24,PC não liga,Tati,2022-11-01 08:00:00,49,2022-11-23 09:55:27,0,0
115,26,Urgente,Não informado,2022-11-01 08:00:00,0,2022-11-23 14:23:54,0,0
116,24,pc se desligou e já eras ,wagner,2022-11-01 08:00:00,8,2022-11-23 15:33:05,0,0
117,23,Pc não liga,Cristina ,2022-11-01 08:00:00,6,2022-11-24 09:16:03,0,0
118,21,Word não abre,Não informado,2022-11-01 08:00:00,56,2022-11-24 09:23:40,0,0
119,23,PC desconfigurado,Não informado,2022-11-01 08:00:00,21,2022-11-24 09:33:32,0,0
120,23,Pc não liga,Não informado,2022-11-01 08:00:00,45,2022-11-24 10:20:46,0,0
121,23,PC lento,Fabrício ,2022-11-01 08:00:00,35,2022-11-24 10:47:49,0,0
122,23,PCs desconfigurados,Vanessa,2022-11-01 08:00:00,29,2022-11-24 10:59:02,0,0
123,23,Não Especificado,Não informado,2022-11-01 08:00:00,36,2022-11-24 11:50:22,0,0
124,23,PC NAO LIGA,Roberto,2022-11-01 08:00:00,36,2022-11-25 11:04:47,0,0
125,24,teclado parou,anderson,2022-11-01 08:00:00,16,2022-11-28 07:03:19,0,0
127,23,Não específicado,Não informado,2022-11-01 08:00:00,0,2022-11-29 09:15:22,0,0
128,23,Não Especificado,Não informado,2022-11-01 08:00:00,0,2022-11-29 09:48:35,0,0
129,23,Não Especificado,Não informado,2022-11-01 08:00:00,0,2022-11-29 10:24:48,0,0
130,23,PC NAO LIGA,Brenda,2022-11-01 08:00:00,0,2022-11-29 10:58:20,0,0
131,23,scanner (a tarde),Não informado,2022-11-01 08:00:00,35,2022-11-29 11:30:35,0,0
132,23,word (a tarde),Não informado,2022-11-01 08:00:00,54,2022-11-29 11:35:05,0,0
134,22,Não consegue imprimir,Bibiana,2022-11-01 08:00:00,4,2022-11-29 14:50:57,0,0
135,26,Teclado,Não informado,2022-11-01 08:00:00,8,2022-11-29 15:16:40,0,0
136,23,instalar impressora,Não informado,2022-11-01 08:00:00,0,2022-11-30 10:32:40,0,0
137,23,Pc não liga,Vitória ,2022-11-01 08:00:00,0,2022-11-30 11:38:09,0,0
138,23,Não Especificado,Não informado,2022-11-01 08:00:00,0,2022-12-01 10:29:11,0,0
139,23,Não Especificado,Não informado,2022-11-01 08:00:00,0,2022-12-01 10:29:59,0,0
140,23,Datashow,Não informado,2022-11-01 08:00:00,0,2022-12-01 10:32:07,0,0
141,23,INSTALAR SCANNER,Rita,2022-11-01 08:00:00,0,2022-12-01 10:43:23,0,0
142,23,Não Especificado,Fabrício ,2022-11-01 08:00:00,0,2022-12-01 11:26:59,0,0
143,23,Criar Login,Adriana ,2022-11-01 08:00:00,6,2022-12-01 11:51:16,0,0
144,23,Sem internet ,Não informado,2022-11-01 08:00:00,45,2022-12-01 11:52:23,0,0
145,24,sem internet,tania,2022-11-01 08:00:00,20,2022-12-02 08:33:49,0,0
146,23,Problema com programas,Eugenio - Fiscal,2022-11-01 08:00:00,0,2022-12-02 09:12:49,0,0
147,23,Não Especificado,Não informado,2022-11-01 08:00:00,0,2022-12-02 09:21:23,0,0
148,23,Instalar programa ,Não informado,2022-11-01 08:00:00,0,2022-12-02 10:29:55,0,0
149,24,sem interet,fabiula,2022-11-01 08:00:00,8,2022-12-02 10:34:19,0,0
150,23,Sem Internet,Fabiula,2022-11-01 08:00:00,8,2022-12-02 10:35:28,0,0
151,23,PROBLEMA NA IMPRESSORA,Não informado,2022-11-01 08:00:00,6,2022-12-02 10:47:25,0,0
152,23,Não específicado,Não informado,2022-11-01 08:00:00,0,2022-12-05 08:22:00,0,0
153,23,Configurar impressora ,Não informado,2022-11-01 08:00:00,27,2022-12-05 08:29:50,0,0
154,23,Não Especificado,Não informado,2022-11-01 08:00:00,37,2022-12-05 08:47:47,0,0
155,23,Problema com a senha de acesso,Valdomiro,2022-11-01 08:00:00,28,2022-12-05 08:55:41,0,0
156,23,Instalar programa ,Vitória,2022-11-01 08:00:00,0,2022-12-05 09:01:33,0,0
158,23,Site da justiça,Nuria,2022-11-01 08:00:00,0,2022-12-05 09:31:38,0,0
159,23,Configurar impressora,Não informado,2022-11-01 08:00:00,27,2022-12-05 10:50:36,0,0
160,23,Não Especificado,Não informado,2022-11-01 08:00:00,6,2022-12-05 10:52:07,0,0
161,23,Não Especificado,Não informado,2022-11-01 08:00:00,0,2022-12-05 10:52:35,0,0
162,23,scanner,Não informado,2022-11-01 08:00:00,0,2022-12-05 11:00:56,0,0
163,23,scanner,Não informado,2022-11-01 08:00:00,6,2022-12-05 11:16:35,0,0
164,23,PROBLEMA NA IMPRESSORA,Não informado,2022-11-01 08:00:00,0,2022-12-05 11:35:49,0,0
165,24,instalar  projetor 58,jaque,2022-11-01 08:00:00,10,2022-12-06 08:55:49,0,0
166,24,erro no chrome,rosa,2022-11-01 08:00:00,7,2022-12-06 08:56:40,0,0
167,23,PC NAO LIGA,Ana,2022-11-01 08:00:00,51,2022-12-06 09:12:14,0,0
168,23,Impressora,Giliane,2022-11-01 08:00:00,0,2022-12-06 09:34:37,0,0
169,23,Pc sem rede,Não informado,2022-11-01 08:00:00,17,2022-12-06 11:07:35,0,0
170,15,Scanner,Não informado,2022-11-01 08:00:00,38,2022-12-06 14:48:22,0,0
171,15,Sem rede ,217255 / 071333,2022-11-01 08:00:00,38,2022-12-06 16:40:13,0,0
172,23,Configurar impressora,Não informado,2022-11-01 08:00:00,27,2022-12-07 08:29:46,0,0
173,23,Abrir Word,Joel,2022-11-01 08:00:00,26,2022-12-07 09:42:15,0,0
174,23,Configurar impressora,Pedro,2022-11-01 08:00:00,45,2022-12-07 10:01:15,0,0
175,23,Não Especificado,Não informado,2022-11-01 08:00:00,0,2022-12-07 11:40:02,0,0
176,24,pc muito barulhento,Tati,2022-11-01 08:00:00,49,2022-12-08 08:18:05,0,0
177,23,Não específicado,Não informado,2022-11-01 08:00:00,0,2022-12-08 08:49:13,0,0
178,23,Não específicado,Não informado,2022-11-01 08:00:00,0,2022-12-08 09:09:07,0,0
179,23,Problema para abrir arquivos,Joel,2022-11-01 08:00:00,26,2022-12-08 09:24:23,0,0
180,23,PROBLEMA NA IMPRESSORA,ana paula,2022-11-01 08:00:00,0,2022-12-08 10:09:25,0,0
181,23,Liberar Internet,Não informado,2022-11-01 08:00:00,49,2022-12-09 09:47:47,0,0
182,23,word,Giliane,2022-11-01 08:00:00,0,2022-12-09 09:48:57,0,0
183,23,Não Especificado,Pedro,2022-11-01 08:00:00,44,2022-12-12 08:34:18,0,0
184,24,sem internet,silvia,2022-11-01 08:00:00,28,2022-12-12 08:49:06,0,0
186,23,Sem rede,Ricardo,2022-11-01 08:00:00,38,2022-12-12 08:53:23,0,0
187,15,impressora word,Setor,2022-11-01 08:00:00,26,2022-12-12 08:53:52,0,0
188,23,Sem Internet,Leonardo,2022-11-01 08:00:00,57,2022-12-12 09:12:38,0,0
189,15,Migras mesas,Wagner,2022-11-01 08:00:00,8,2022-12-12 09:56:24,0,0
190,23,Não Especificado,Pamela,2022-11-01 08:00:00,0,2022-12-12 10:42:27,0,0
191,15,Configurar reunião prefeito ,Jaqueline ,2022-11-01 08:00:00,10,2022-12-12 10:43:28,0,0
192,23,Não Especificado,Não informado,2022-11-01 08:00:00,6,2022-12-12 10:47:45,0,0
193,23,INSTALAR ANYDESK,Não informado,2022-11-01 08:00:00,66,2022-12-12 10:53:42,0,0
194,24,pc da diretora,pamela,2022-11-01 08:00:00,6,2022-12-12 13:57:27,0,0
195,22,Impressora trancada,Cleber,2022-11-01 08:00:00,35,2022-12-12 14:27:58,0,0
196,22,ST ,Iêda,2022-11-01 08:00:00,17,2022-12-12 14:31:22,0,0
197,24,scan,bruno,2022-11-01 08:00:00,8,2022-12-12 15:05:29,0,0
198,24,configurar impressora,Leonardo,2022-11-01 08:00:00,0,2022-12-12 15:34:15,0,0
199,24,sem rede,josé,2022-11-01 08:00:00,46,2022-12-13 08:17:22,0,0
200,24,impressora,Leonardo,2022-11-01 08:00:00,0,2022-12-13 08:27:56,0,0
201,24,pc não liga - mesmo de ontem,Não informado,2022-11-01 08:00:00,0,2022-12-13 08:32:10,0,0
202,21,Instalações pc,Mary Carvalho,2022-11-01 08:00:00,58,2022-12-13 09:30:28,0,0
203,15,Trocar cabos ,Diretora ,2022-11-01 08:00:00,6,2022-12-13 09:33:32,0,0
204,15,"Adicionar memória Pc Mary, está apenas com 2gb",Setor,2022-11-01 08:00:00,11,2022-12-13 09:59:59,0,0
205,24,impressora,Bruno,2022-11-01 08:00:00,8,2022-12-13 10:13:04,0,0
206,24,não imprime,beth,2022-11-01 08:00:00,37,2022-12-13 10:14:41,0,0
207,23,"impressora, cabo de rede ruim",beth,2022-11-01 08:00:00,37,2022-12-13 10:48:09,0,0
208,23,instalar monitor,setor,2022-11-01 08:00:00,4,2022-12-13 10:49:33,0,0
209,23,Não Especificado,Não informado,2022-11-01 08:00:00,0,2022-12-13 11:32:39,0,0
210,23,Não Especificado,Não informado,2022-11-01 08:00:00,0,2022-12-13 11:33:12,0,0
211,15,Pc com barulho,Setor,2022-11-01 08:00:00,6,2022-12-14 08:36:30,0,0
212,23,Não Especificado,Não informado,2022-11-01 08:00:00,0,2022-12-14 09:27:24,0,0
214,15,Ipê saúde ,Daiane ,2022-11-01 08:00:00,14,2022-12-14 10:18:56,0,0
215,15,Impressora ,Setor,2022-11-01 08:00:00,72,2022-12-14 11:15:12,0,0
216,23,Problema para imprimir ,Graciela ,2022-11-01 08:00:00,26,2022-12-15 08:28:38,0,0
217,23,Problema para imprimir,Graciela,2022-11-01 08:00:00,26,2022-12-15 09:31:26,0,0
218,23,Não Especificado,Não informado,2022-11-01 08:00:00,0,2022-12-15 09:33:09,0,0
219,23,Reiniciando,Não informado,2022-11-01 08:00:00,35,2022-12-15 09:41:18,0,0
220,21,Troca de memória ,Mary,2022-11-01 08:00:00,58,2022-12-15 11:07:07,0,0
221,21,Wi-Fi e Computador,Vanessa,2022-11-01 08:00:00,58,2022-12-15 11:07:38,0,0
222,15,Pc não liga,Setor,2022-11-01 08:00:00,29,2022-12-16 08:24:50,0,0
223,23,Vídeo conferência ,Não informado,2022-11-01 08:00:00,0,2022-12-16 08:35:36,0,0
224,23,scanner,Não informado,2022-11-01 08:00:00,0,2022-12-19 09:04:34,0,0
225,23,Trocar Pc,Não informado,2022-11-01 08:00:00,0,2022-12-19 09:37:26,0,0
226,23,Acessar pagina do tribunal de contas,Bruna,2022-11-01 08:00:00,0,2022-12-19 11:33:10,0,0
227,23,Acessar pagina do tribunal de contas,Bruna,2022-11-01 08:00:00,0,2022-12-19 11:33:10,0,0
228,24,pc liga e não da tela,Mara,2022-11-01 08:00:00,46,2022-12-20 08:24:35,0,0
229,23,Problema com os  icones,Milene,2022-11-01 08:00:00,13,2022-12-20 08:26:07,0,0
231,24,impressora,Maíza,2022-11-01 08:00:00,53,2022-12-20 08:49:16,0,0
232,23,Não Especificado,Não informado,2022-11-01 08:00:00,0,2022-12-20 08:59:38,0,0
233,24,PC ta pedindo pra restaurar ,Fábio,2022-11-01 08:00:00,59,2022-12-20 09:09:16,0,0
236,23,PC NAO LIGA,Cristiano,2022-11-01 08:00:00,28,2022-12-20 11:05:56,0,0
237,23,Não Especificado,Não informado,2022-11-01 08:00:00,0,2022-12-20 11:06:55,0,0
238,24,monitor não liga,cristiane,2022-11-01 08:00:00,36,2022-12-21 08:15:18,0,0
239,23,PROBLEMA NA IMPRESSORA,Não informado,2022-11-01 08:00:00,0,2022-12-21 09:20:46,0,0
240,23,Pc ta pedindo para restaurar,Não informado,2022-11-01 08:00:00,59,2022-12-21 09:29:32,0,0
241,23,Não Especificado,Não informado,2022-11-01 08:00:00,0,2022-12-21 11:13:07,0,0
242,23,Não Especificado,Não informado,2022-11-01 08:00:00,0,2022-12-23 10:48:42,0,0
243,23,Pc não liga,Não informado,2022-11-01 08:00:00,33,2022-12-26 08:53:19,0,0
244,23,PC NAO LIGA,Não informado,2022-11-01 08:00:00,35,2022-12-26 09:23:36,0,0
245,23,PC sem internet,Não informado,2022-11-01 08:00:00,45,2022-12-26 09:47:37,0,0
246,23,PROBLEMA NA IMPRESSORA,Não informado,2022-11-01 08:00:00,0,2022-12-27 10:21:58,0,0
247,23,Problema para imprimir,Não informado,2022-11-01 08:00:00,0,2022-12-27 10:29:32,0,0
248,23,Não Especificado,Não informado,2022-11-01 08:00:00,0,2022-12-27 10:46:30,0,0
249,23,Acesso ao banco ,Cris,2022-11-01 08:00:00,29,2022-12-28 08:12:11,0,0
250,23,Não Especificado,Cristina,2022-11-01 08:00:00,36,2022-12-28 09:44:40,0,0
253,23,Compactar PDF ,Não informado,2022-11-01 08:00:00,0,2022-12-30 10:04:22,0,0
254,23,Configurar impressora,Cristiano,2022-11-01 08:00:00,28,2023-01-02 10:19:19,0,0
255,23,Instalar o Office ,Não informado,2022-11-01 08:00:00,0,2023-01-03 08:33:50,0,0
256,23,Problema para imprimir,Não informado,2022-11-01 08:00:00,17,2023-01-03 08:38:12,0,0
257,24,pc da 46 ,Thiago - Mara,2022-11-01 08:00:00,46,2023-01-03 08:52:30,0,0
258,23,Sem Internet,Não informado,2022-11-01 08:00:00,57,2023-01-03 11:18:01,0,0
259,23,Monitor não liga,Diretora do Rh,2022-11-01 08:00:00,6,2023-01-04 08:23:55,0,0
260,23,PC NAO LIGA,Não informado,2022-11-01 08:00:00,27,2023-01-04 08:25:50,0,0
262,23,Acesso a rede,Não informado,2022-11-01 08:00:00,20,2023-01-04 08:38:02,0,0
263,23,Não Especificado,Vanessa,2022-11-01 08:00:00,0,2023-01-04 08:45:59,0,0
264,23,Problema para imprimir,Joel,2022-11-01 08:00:00,26,2023-01-04 09:07:22,0,0
265,23,Tela com problema,Não informado,2022-11-01 08:00:00,46,2023-01-04 11:19:38,0,0
266,23,Não Especificado,Ednei,2022-11-01 08:00:00,63,2023-01-05 08:33:43,0,0
267,23,Desbloquear uma máquina ,Rafael Alves,2022-11-01 08:00:00,0,2023-01-05 08:52:38,0,0
268,23,Problema no acesso,Não informado,2022-11-01 08:00:00,26,2023-01-05 08:57:20,0,0
269,23,PC NAO LIGA,DAIANE,2022-11-01 08:00:00,0,2023-01-05 09:43:27,0,0
270,23,Não Especificado,Não informado,2022-11-01 08:00:00,0,2023-01-05 09:56:09,0,0
272,23,Scanner ,Não informado,2022-11-01 08:00:00,16,2023-01-05 10:53:24,0,0
273,23,Sem Internet,Não informado,2022-11-01 08:00:00,0,2023-01-05 11:24:33,0,0
274,23,Acesso ao sistema da prefeitura,Não informado,2022-11-01 08:00:00,0,2023-01-05 11:26:55,0,0
275,23,Não específicado,Silvia,2022-11-01 08:00:00,0,2023-01-06 08:12:28,0,0
276,15,Compartilhamento ,Setor,2022-11-01 08:00:00,6,2023-01-06 08:17:43,0,0
277,23,Sem Internet,Não informado,2022-11-01 08:00:00,35,2023-01-06 08:22:58,0,0
278,23,Sem rede,Luciano,2022-11-01 08:00:00,29,2023-01-06 08:25:27,0,0
279,15,Instalar programa ,Elma,2022-11-01 08:00:00,0,2023-01-06 08:46:51,0,0
280,23,Não Especificado,Não informado,2022-11-01 08:00:00,17,2023-01-06 09:11:52,0,0
281,23,scanner,Não informado,2022-11-01 08:00:00,37,2023-01-06 09:36:09,0,0
282,23,PC NAO LIGA,Não informado,2022-11-01 08:00:00,27,2023-01-06 09:41:05,0,0
283,23,Sem Internet,Fabrício ,2022-11-01 08:00:00,0,2023-01-06 09:55:32,0,0
284,23,Acesso ao DNS,Não informado,2022-11-01 08:00:00,19,2023-01-06 11:01:56,0,0
285,23,Sem Internet,Não informado,2022-11-01 08:00:00,16,2023-01-06 11:42:59,0,0
286,26,Sem internet,Não informado,2022-11-01 08:00:00,0,2023-01-06 17:10:16,0,0
287,23,Sem internet ,Barbara ,2022-11-01 08:00:00,0,2023-01-09 08:50:42,0,0
288,23,PC NAO LIGA,Não informado,2022-11-01 08:00:00,45,2023-01-09 09:04:49,0,0
289,23,Pagina da GOV,Não informado,2022-11-01 08:00:00,26,2023-01-09 09:10:26,0,0
290,23,PC NAO LIGA,Não informado,2022-11-01 08:00:00,54,2023-01-09 09:19:01,0,0
291,23,Não Especificado,Não informado,2022-11-01 08:00:00,60,2023-01-09 09:43:27,0,0
292,23,Não específicado,Não informado,2022-11-01 08:00:00,60,2023-01-10 08:23:29,0,0
294,23,Pc não liga,Não informado,2022-11-01 08:00:00,54,2023-01-11 08:18:04,0,0
295,23,Sem Internet,Não informado,2022-11-01 08:00:00,29,2023-01-11 09:22:08,0,0
296,23,Não Especificado,Adriane,2022-11-01 08:00:00,6,2023-01-12 08:55:05,0,0
297,23,Converter PDF,Michele,2022-11-01 08:00:00,0,2023-01-12 11:10:27,0,0
298,23,Pc não liga,Diretora,2022-11-01 08:00:00,6,2023-01-13 08:28:03,0,0
299,23,Não específicado,Bruna,2022-11-01 08:00:00,17,2023-01-13 08:52:39,0,0
300,23,Não Especificado,Não informado,2022-11-01 08:00:00,0,2023-01-13 09:39:40,0,0
301,26,impressora,Não informado,2022-11-01 08:00:00,7,2023-01-16 21:13:56,0,0
303,26,internet,Não informado,2022-11-01 08:00:00,11,2023-01-16 21:14:17,0,0
304,26,internet,Não informado,2022-11-01 08:00:00,0,2023-01-16 21:14:58,0,0
305,26,internet,Não informado,2022-11-01 08:00:00,0,2023-01-16 21:15:17,0,0
306,29,horário,Ana Paula,2022-11-01 08:00:00,0,2023-01-17 08:17:41,0,0
307,24,configurar impressora,bruno,2022-11-01 08:00:00,8,2023-01-17 08:47:16,0,0
311,26,teclado,Não informado,2022-11-01 08:00:00,10,2023-01-17 17:44:16,0,0
313,29,Sem Internet,Luciano,2022-11-01 08:00:00,29,2023-01-18 10:47:09,0,0
314,15,Instalar reunião 14:30,Everaldo,2022-11-01 08:00:00,58,2023-01-18 11:32:39,0,0
315,29,Não Especificado,Não informado,2022-11-01 08:00:00,28,2023-01-18 11:42:38,0,0
316,15,Instalar projetor 58,Jaque,2022-11-01 08:00:00,58,2023-01-18 21:47:51,0,0
318,29,Não consegue acessar o usuário ,Não informado,2022-11-01 08:00:00,0,2023-01-19 09:12:53,0,0
321,29,Micro não liga ,Michele,2022-11-01 08:00:00,0,2023-01-19 09:53:43,0,0
322,29,Não informado ,Luizinho ,2022-11-01 08:00:00,0,2023-01-19 10:32:42,0,0
324,29,Não consegue acessar os sites ,,2022-11-01 08:00:00,17,2023-01-20 08:12:45,0,0
325,29,Monitor ,Não informado,2022-11-01 08:00:00,0,2023-01-20 10:06:33,0,0
326,26,Impressora,Não informado,2022-11-01 08:00:00,4,2023-01-20 14:14:05,0,0
327,26,Impressora,Não informado,2022-11-01 08:00:00,7,2023-01-20 14:14:51,0,0
328,26,Pc,Não informado,2022-11-01 08:00:00,10,2023-01-20 16:14:04,0,0
329,29,código quando liga o computador,Fernando,2022-11-01 08:00:00,0,2023-01-23 10:25:09,0,0
330,26,gov,Não informado,2022-11-01 08:00:00,26,2023-01-23 17:31:00,0,0
331,26,pc,Não informado,2022-11-01 08:00:00,29,2023-01-23 17:31:21,0,0
332,29,Teclado,Não informado,2022-11-01 08:00:00,36,2023-01-24 08:15:15,0,0
334,29,Rede,Vanessa,2022-11-01 08:00:00,29,2023-01-24 08:19:51,0,0
335,29,Rede,Fabricio,2022-11-01 08:00:00,35,2023-01-24 08:38:07,0,0
336,29,Não esta conseguindo imprimir,Michele,2022-11-01 08:00:00,0,2023-01-24 10:03:30,0,0
337,26,Pc,Não informado,2022-11-01 08:00:00,10,2023-01-24 15:41:57,0,0
338,26,internet,Não informado,2022-11-01 08:00:00,28,2023-01-24 15:42:18,0,0
340,29,Computador se desligando,Pamela,2022-11-01 08:00:00,51,2023-01-25 09:10:47,0,0
342,29,cabo,Alice,2022-11-01 08:00:00,0,2023-01-25 11:01:54,0,0
343,29,Impressora e internet,Vitória ,2022-11-01 08:00:00,0,2023-01-26 08:24:32,0,0
345,29,Recuperar arquivos da rede,4,2022-11-01 08:00:00,0,2023-01-26 09:01:01,0,0
346,29,impressora e internet,Vitória,2022-11-01 08:00:00,0,2023-01-26 10:10:21,0,0
347,29,instalar impressora,Não informado,2022-11-01 08:00:00,0,2023-01-26 10:19:31,0,0
349,29,PC NAO LIGA,Não informado,2022-11-01 08:00:00,0,2023-01-27 11:18:42,0,0
350,29,Não esta conseguindo imprimir,Michele,2022-11-01 08:00:00,0,2023-01-27 11:41:48,0,0
351,29,Monitor travado e entrada de USB estragada,Anderson,2022-11-01 08:00:00,0,2023-01-30 08:18:13,0,0
352,29,teclado,Não informado,2022-11-01 08:00:00,0,2023-01-30 08:28:46,0,0
353,29,Word,Margiana,2022-11-01 08:00:00,0,2023-01-30 08:47:39,0,0
354,29,Internet,Não informado,2022-11-01 08:00:00,66,2023-01-30 09:35:30,0,0
355,23,Instalar notebook/ internet ,Não informado,2022-11-01 08:00:00,0,2023-01-31 08:32:06,0,0
356,23,Não específicado,Não informado,2022-11-01 08:00:00,0,2023-01-31 08:54:44,0,0
357,23,Instalar programa ,Vitória ,2022-11-01 08:00:00,0,2023-01-31 09:11:13,0,0
358,23,Sem Internet,Não informado,2022-11-01 08:00:00,0,2023-01-31 09:29:01,0,0
359,23,PROBLEMA NA IMPRESSORA,Não informado,2022-11-01 08:00:00,23,2023-01-31 10:16:26,0,0
360,23,Instalar bloco de notas,Não informado,2022-11-01 08:00:00,21,2023-01-31 10:49:24,0,0
361,23,Configurar impressora,Vanessa,2022-11-01 08:00:00,29,2023-01-31 11:28:25,0,0
362,23,Instalar programa ,Michele,2022-11-01 08:00:00,0,2023-02-01 10:11:01,0,0
363,23,Ponteira,Não informado,2022-11-01 08:00:00,57,2023-02-01 10:46:53,0,0
364,23,PC NAO LIGA,Não informado,2022-11-01 08:00:00,0,2023-02-01 11:04:17,0,0
365,23,Problema na impressora ,Não informado,2022-11-01 08:00:00,37,2023-02-02 09:10:58,0,0
366,23,Não Especificado,Não informado,2022-11-01 08:00:00,0,2023-02-02 10:30:17,0,0
367,23,Não Especificado,Não informado,2022-11-01 08:00:00,0,2023-02-02 11:15:09,0,0
368,23,Problema na impressora ,Não informado,2022-11-01 08:00:00,19,2023-02-03 08:31:38,0,0
369,23,Não específicado,Dr.bella,2022-11-01 08:00:00,0,2023-02-06 08:36:16,0,0
370,23,Formatar,Não informado,2022-11-01 08:00:00,0,2023-02-06 09:34:05,0,0
371,23,Problema na impressora ,Não informado,2022-11-01 08:00:00,37,2023-02-07 08:26:42,0,0
372,23,Acesso a rede/ problema na impressora ,Não informado,2022-11-01 08:00:00,0,2023-02-07 08:39:44,0,0
373,23,Não específicado,Não informado,2022-11-01 08:00:00,0,2023-02-07 08:51:49,0,0
374,23,Notebook ,Não informado,2022-11-01 08:00:00,0,2023-02-07 10:04:49,0,0
375,23,Instalar pc,Não informado,2022-11-01 08:00:00,21,2023-02-07 10:20:05,0,0
376,23,Instalar programa ,Andressa ,2022-11-01 08:00:00,0,2023-02-07 11:18:31,0,0
377,22,Wifi e acesso ao youtube,Cleber,2022-11-01 08:00:00,21,2023-02-08 11:11:22,0,0
378,22,Internet,Vanessa,2022-11-01 08:00:00,74,2023-02-08 11:12:03,0,0
379,23,Problema na senha,Luis,2022-11-01 08:00:00,0,2023-02-09 08:35:57,0,0
380,23,PC NAO LIGA,Não informado,2022-11-01 08:00:00,0,2023-02-09 08:53:27,0,0
381,23,Não específicado,Não informado,2022-11-01 08:00:00,0,2023-02-09 09:05:13,0,0
382,23,Instalar roteador ,Não informado,2022-11-01 08:00:00,0,2023-02-09 09:26:42,0,0
383,23,Instalar PC,Não informado,2022-11-01 08:00:00,0,2023-02-09 11:00:34,0,0
384,22,INSTALAR UM PC PARA ELE,SERGIO,2022-11-01 08:00:00,8,2023-02-09 15:02:26,0,0
385,22,Impressora ,Daiane,2022-11-01 08:00:00,14,2023-02-10 09:47:30,0,0
386,23,Não Especificado,Não informado,2022-11-01 08:00:00,0,2023-02-10 09:55:37,0,0
387,23,PC não liga,Clara,2022-11-01 08:00:00,0,2023-02-10 10:14:39,0,0
388,23,Não Especificado,Não informado,2022-11-01 08:00:00,0,2023-02-10 10:20:36,0,0
391,21,Acesso Remoto Janine Seplan,Janine,2022-11-01 08:00:00,33,2023-02-10 15:38:59,0,0
392,22,Não consegue acessar login,Italiamar,2022-11-01 08:00:00,7,2023-02-10 16:29:33,0,0
393,23,Sem Internet,Não informado,2022-11-01 08:00:00,0,2023-02-13 08:37:43,0,0
394,23,PC NAO LIGA,Não informado,2022-11-01 08:00:00,66,2023-02-13 08:58:12,0,0
395,23,PC NAO LIGA,Não informado,2022-11-01 08:00:00,0,2023-02-13 09:50:38,0,0
396,22,Montar PC ,Não informado,2022-11-01 08:00:00,8,2023-02-13 15:41:24,0,0
397,22,Não consegue imprimir,Vanessa,2022-11-01 08:00:00,29,2023-02-13 15:41:58,0,0
399,23,PC NAO LIGA,Não informado,2022-11-01 08:00:00,0,2023-02-14 08:58:27,0,0
400,23,Não Especificado,Indio,2022-11-01 08:00:00,28,2023-02-14 09:20:42,0,0
402,23,Não Especificado,Não informado,2023-02-14 11:02:57,0,2023-02-14 11:02:57,0,0
403,15,Instalar apresentação ,Ecilma,2023-02-15 08:07:58,0,2023-02-15 08:07:58,0,0
404,23,Trocar PC de lugar,Adriana,2023-02-15 09:15:50,0,2023-02-15 09:15:50,0,0
405,23,PROBLEMA NA IMPRESSORA,Pedro,2023-02-15 10:09:50,0,2023-02-15 10:09:50,0,0
406,23,Instalar programa ,Não informado,2023-02-15 10:22:56,6,2023-02-15 10:22:56,0,0
407,22,Computador se Reiniciando,Fabio,2023-02-15 14:40:08,22,2023-02-15 14:40:08,0,0
408,22,Não consegue acessar internet,Marielen ,2023-02-15 15:10:55,33,2023-02-15 15:10:55,0,0
409,15,Rede ,Não informado,2023-02-16 08:51:03,52,2023-02-16 08:51:03,0,0
410,23,Acesso a programa,Não informado,2023-02-16 09:01:42,27,2023-02-16 09:01:42,0,0
411,23,Não Especificado,Não informado,2023-02-16 09:03:09,8,2023-02-16 09:03:09,0,0
412,23,Não Especificado,Não informado,2023-02-16 09:49:46,0,2023-02-16 09:49:46,0,0
413,23,Não Especificado,Não informado,2023-02-16 10:27:12,0,2023-02-16 10:27:12,0,0
414,22,Cabo Cortado,Luciano,2023-02-16 15:12:44,29,2023-02-16 15:12:44,0,0
415,23,PROBLEMA NA IMPRESSORA,Não informado,2022-11-01 08:00:00,19,2023-02-17 08:36:56,0,0
417,23,Não Especificado,Não informado,2022-11-01 08:00:00,0,2023-02-17 09:19:19,0,0
418,26,Impressão de Alvará ,Não informado,2022-11-01 08:00:00,44,2023-02-17 16:56:19,0,0
419,22,2 computadores não ligam,Vanessa,2023-02-22 14:38:11,74,2023-02-22 14:38:11,0,0
420,28,Pc não liga ,Não informado,2023-02-22 15:35:10,28,2023-02-22 15:35:10,0,0
421,22,PC não liga,Saldanha,2023-02-23 09:02:55,34,2023-02-23 09:02:55,0,0
422,23,Sem rede,Ieda,2023-02-23 09:29:42,28,2023-02-23 09:29:42,0,0
423,23,Não Especificado,Saldanha,2023-02-23 09:33:51,0,2023-02-23 09:33:51,0,0
425,22,Instalar Wi-fi as 14:30 hs,Jefferson,2022-11-01 08:00:00,61,2023-02-23 11:03:52,0,0
426,22,Erro ao imprimir taxa de expediente,N/A,2022-11-01 08:00:00,46,2023-02-23 11:09:51,0,0
427,22,Não informado,Não informado,2023-02-23 16:38:24,44,2023-02-23 16:38:24,0,0
428,22,2 computador não liga ás 9:00hs,Vanessa,2023-02-24 00:00:00,74,2023-02-23 17:28:04,0,0
429,23,PC NAO LIGA,Pedro,2023-02-24 09:15:17,44,2023-02-24 09:15:17,0,0
430,23,Não específicado,Não informado,2023-02-27 08:44:27,0,2023-02-27 08:44:27,0,0
431,23,Não específicado,Sandra,2023-02-27 08:45:02,6,2023-02-27 08:45:02,0,0
432,23,Configurar pc,Marcelo,2022-11-01 08:00:00,0,2023-02-27 09:16:58,0,0
434,22,Token do Prefeitito Assinatura digital,N/A,2023-02-28 14:17:38,0,2023-02-28 14:17:38,0,0
435,22,Conexão com a Internet Apenas verificar os equipamentos,Maisa,2023-03-01 00:00:00,0,2023-02-28 14:18:29,0,0
436,15,Montar um PC,Setor,2023-02-28 15:22:12,0,2023-02-28 15:22:12,0,0
437,22,Sem internet,Julio,2022-11-01 08:00:00,0,2023-02-28 16:10:33,0,0
440,23,Problema no antivirus,Não informado,2022-11-01 08:00:00,6,2023-03-01 09:47:53,0,0
441,23,Não Especificado,Bruna,2023-03-01 10:02:00,0,2023-03-01 10:02:00,0,0
442,23,Não Especificado,Não informado,2023-03-02 09:26:31,16,2023-03-02 09:26:31,0,0
443,23,Problema no acesso,Não informado,2023-03-02 09:48:22,0,2023-03-02 09:48:22,0,0
444,22,Verificar a Internet,Veio,2022-11-01 08:00:00,0,2023-03-02 10:25:29,0,0
445,22,NoteBook Não liga,Ana Lucia,2023-03-02 11:05:43,0,2023-03-02 11:05:43,0,0
446,21,Pc com problema,Não informado,2023-03-02 16:22:53,45,2023-03-02 16:22:53,0,0
447,21,Impressão de setor errado,Rosa,2023-03-02 16:23:35,7,2023-03-02 16:23:35,0,0
448,23,Impressora de etiqueta,Não informado,2023-03-03 08:25:11,0,2023-03-03 08:25:11,0,0
449,23,Não Especificado,Não informado,2023-03-03 10:00:24,0,2023-03-03 10:00:24,0,0
451,23,Ativar windows,Cristian,2022-11-01 08:00:00,28,2023-03-03 10:12:25,0,0
454,22,Sem internet ,25,2023-03-03 16:02:53,25,2023-03-03 16:02:53,0,0
455,23,Atualizar Hora e data,Sejane,2023-03-06 08:25:59,27,2023-03-06 08:25:59,0,0
456,23,PROBLEMA NA IMPRESSORA,Mariele,2023-03-06 00:00:00,0,2023-03-06 08:43:42,0,0
457,23,Sem rede,Não informado,2022-11-01 08:00:00,0,2023-03-06 08:49:00,0,0
458,22,Compatibilidade Bando de Dados ,Silvia,2023-03-06 08:59:14,28,2023-03-06 08:59:14,0,0
459,22,Sistema do carnaval,Everaldo,2023-03-06 08:59:38,0,2023-03-06 08:59:38,0,0
460,22,Não consegue emitir boleto ,Marcelo,2023-03-06 09:00:26,0,2023-03-06 09:00:26,0,0
461,23,Sem Internet,Rafael,2023-03-06 09:11:52,0,2023-03-06 09:11:52,0,0
462,22,Não consegue Scannear,Hamilton,2023-03-06 09:16:10,23,2023-03-06 09:16:10,0,0
463,23,Sem Internet,Cecilia,2022-11-01 08:00:00,0,2023-03-06 09:49:13,0,0
465,23,Cabeamento,Não informado,2022-11-01 08:00:00,0,2023-03-06 10:13:35,0,0
466,22,PC secretaria não Inicia,Secretaria Soraia,2023-03-06 15:02:35,0,2023-03-06 15:02:35,0,0
467,23,Sem internet ,Cecília ,2022-11-01 08:00:00,0,2023-03-07 08:32:15,0,0
468,23,Não Especificado,Não informado,2023-03-07 10:06:48,0,2023-03-07 10:06:48,0,0
469,23,41,Não informado,2023-03-07 10:22:18,0,2023-03-07 10:22:18,0,0
470,23,Não Especificado,Não informado,2023-03-09 08:23:46,16,2023-03-09 08:23:46,0,0
472,15,Sem internet ,Não informado,2023-03-09 14:19:51,19,2023-03-09 14:19:51,0,0
473,23,Não Especificado,Liliane,2023-03-13 08:30:28,36,2023-03-13 08:30:28,0,0
474,23,PC NAO LIGA,Não informado,2023-03-13 08:30:57,7,2023-03-13 08:30:57,0,0
475,23,Hora e data,Ednei,2023-03-13 08:46:37,66,2023-03-13 08:46:37,0,0
476,23,Problema na tela,Keyla,2023-03-13 09:03:07,6,2023-03-13 09:03:07,0,0
477,23,Não Especificado,Não informado,2022-11-01 08:00:00,0,2023-03-13 09:08:47,0,0
478,15,Data e hora e impressora ,Setor,2023-03-13 09:27:30,66,2023-03-13 09:27:30,0,0
479,23,Não específicado,Não informado,2023-03-13 09:42:53,32,2023-03-13 09:42:53,0,0
480,23,Sem rede,Não informado,2022-11-01 08:00:00,16,2023-03-13 09:46:24,0,0
481,15,Antivírus ,Setor,2023-03-13 10:03:03,28,2023-03-13 10:03:03,0,0
482,23,Não Especificado,Frederico,2023-03-13 10:26:40,0,2023-03-13 10:26:40,0,0
484,23,PROBLEMA NA IMPRESSORA,tania,2023-03-13 10:45:33,20,2023-03-13 10:45:33,0,0
485,23,Sem internet,Não informado,2023-03-13 11:16:23,0,2023-03-13 11:16:23,0,0
486,15,Apresentação ,Sec,2023-03-13 16:15:31,0,2023-03-13 16:15:31,0,0
487,23,Problema na impressora ,Tania ,2022-11-01 08:00:00,20,2023-03-14 08:24:46,0,0
489,23,Sem Internet,Beatriz ,2022-11-01 08:00:00,51,2023-03-14 09:00:17,0,0
490,23,Não específicado,Não informado,2022-11-01 08:00:00,16,2023-03-14 10:01:55,0,0
491,23,Sem Internet,Willian,2023-03-14 10:39:24,57,2023-03-14 10:39:24,0,0
493,23,PC NAO LIGA,Diretora ,2022-11-01 08:00:00,6,2023-03-14 11:24:26,0,0
494,23,Não Especificado,Ana,2022-11-01 08:00:00,19,2023-03-14 11:55:51,0,0
495,23,Acesso a rede,Não informado,2022-11-01 08:00:00,28,2023-03-15 08:27:07,0,0
496,15,Rese,Ecilma,2023-03-15 08:29:22,0,2023-03-15 08:29:22,0,0
497,23,Acesso a rede,Cleber ,2023-03-15 08:34:04,35,2023-03-15 08:34:04,0,0
498,23,Pc não liga,Giovana,2023-03-15 08:44:52,37,2023-03-15 08:44:52,0,0
499,29,não carrega sistema ,Irton,2022-11-01 08:00:00,27,2023-03-15 08:54:14,0,0
500,23,scanner,Ana,2022-11-01 08:00:00,13,2023-03-15 09:25:47,0,0
501,23,Rede,Ieda,2023-03-16 08:18:49,10,2023-03-16 08:18:49,0,0
502,23,Rede,Claudio,2023-03-16 08:22:58,16,2023-03-16 08:22:58,0,0
503,23,PC NAO LIGA,Sejane,2023-03-16 08:23:24,27,2023-03-16 08:23:24,0,0
504,23,rede,Luciano,2022-11-01 08:00:00,29,2023-03-16 08:32:56,0,0
505,23,Tela invertida,Fincler,2022-11-01 08:00:00,27,2023-03-16 08:35:06,0,0
506,23,PROBLEMA NA IMPRESSORA,Norberto,2023-03-16 09:44:02,33,2023-03-16 09:44:02,0,0
507,23,Sem Internet,Não informado,2023-03-16 10:53:57,16,2023-03-16 10:53:57,0,0
508,28,Impressora ,Não informado,2023-03-16 17:58:13,0,2023-03-16 17:58:13,0,0
509,23,Não Especificado,jaqueline,2023-03-17 09:04:19,10,2023-03-17 09:04:19,0,0
510,23,Sem Internet,Lisandro,2022-11-01 08:00:00,27,2023-03-17 09:07:42,0,0
511,23,Não Especificado,Não informado,2022-11-01 08:00:00,54,2023-03-17 09:20:59,0,0
512,23,Não Especificado,Não informado,2023-03-17 10:25:31,54,2023-03-17 10:25:31,0,0
513,23,Não Especificado,Vera,2022-11-01 08:00:00,0,2023-03-17 11:09:05,0,0
514,23,Tela com problema,Não informado,2023-03-20 08:16:51,6,2023-03-20 08:16:51,0,0
515,23,PC NAO LIGA,Rose,2023-03-20 08:18:35,19,2023-03-20 08:18:35,0,0
516,23,imprimir,Rose,2023-03-20 08:20:21,19,2023-03-20 08:20:21,0,0
517,23,Data e hora,Não informado,2023-03-20 08:34:02,66,2023-03-20 08:34:02,0,0
519,23,Data e hora,Norberto,2023-03-20 09:23:22,33,2023-03-20 09:23:22,0,0
523,22,PC não liga,Wagner,2023-03-20 14:37:58,8,2023-03-20 14:37:58,0,0
525,23,Navegador,Sejane,2023-03-21 08:29:40,27,2023-03-21 08:29:40,0,0
526,23,Sem Internet,Delinar,2022-11-01 08:00:00,54,2023-03-21 09:01:22,0,0
527,23,Impressora de etiqueta,Não informado,2023-03-21 09:13:16,6,2023-03-21 09:13:16,0,0
528,23,Drive,Cecilia,2022-11-01 08:00:00,45,2023-03-21 09:29:44,0,0
530,23,Instalar Micro,Camile,2022-11-01 08:00:00,0,2023-03-21 10:43:09,0,0
531,23,Monitor não liga,osvaldo,2023-03-21 11:08:52,16,2023-03-21 11:08:53,0,0
532,23,Monitor não liga,osvaldo,2023-03-21 11:18:55,16,2023-03-21 11:18:55,0,0
533,15,Instalar pcs,Fabrício ,2023-03-21 14:19:27,21,2023-03-21 14:19:27,0,0
534,15,Migrar PC,Setor,2023-03-21 16:35:35,27,2023-03-21 16:35:35,0,0
535,23,problema arquivos,Luciana,2022-11-01 08:00:00,6,2023-03-22 08:59:37,0,0
536,23,Não Especificado,Milene,2023-03-22 09:01:42,13,2023-03-22 09:01:42,0,0
537,23,Não Especificado,Não informado,2023-03-22 09:46:55,11,2023-03-22 09:46:55,0,0
538,23,PROBLEMA NA IMPRESSORA,Não informado,2023-03-22 09:52:59,35,2023-03-22 09:52:59,0,0
539,15,Botão emperrando ,Brenda,2023-03-22 11:02:26,9,2023-03-22 11:02:26,0,0
540,23,PC NAO LIGA,Emilene,2023-03-23 08:32:37,13,2023-03-23 08:32:37,0,0
541,22,Inpressora de etiqueta e TP,Mariana Saltz,2023-03-23 10:23:08,0,2023-03-23 10:23:08,0,0
542,22,Computador sem Internet,Cleber,2022-11-01 08:00:00,21,2023-03-23 10:24:15,0,0
543,15,Sem internet ,Setor,2023-03-23 15:48:47,0,2023-03-23 15:48:47,0,0
544,15,Pc não liga,Montardo,2023-03-24 00:00:00,33,2023-03-24 08:17:59,0,0
545,15,Certificado digital ,Setor,2023-03-24 00:00:00,23,2023-03-24 08:21:36,0,0
546,15,Teclado ,Gilmar,2023-03-24 00:00:00,6,2023-03-24 08:23:53,0,0
547,23,Data e hora,Ieda,2023-03-24 08:30:26,27,2023-03-24 08:30:26,0,0
548,23,abrir programa,otavio,2023-03-24 08:41:59,0,2023-03-24 08:41:59,0,0
549,23,Problema na rede,rubins,2022-11-01 08:00:00,33,2023-03-24 09:02:27,0,0
550,23,Não Especificado,Não informado,2022-11-01 08:00:00,0,2023-03-24 09:36:38,0,0
551,23,Problema para abrir arquivo,Milton,2023-03-24 09:53:06,0,2023-03-24 09:53:06,0,0
552,15,Acesso parental ,Setor,2023-03-24 10:04:11,45,2023-03-24 10:04:11,0,0
553,23,arquivo na rede,Ednei,2023-03-24 10:25:32,66,2023-03-24 10:25:32,0,0
554,23,monitor ,gabriela,2023-03-24 10:47:37,7,2023-03-24 10:47:37,0,0
555,15,Impressora ,Luciana,2023-03-24 10:53:29,51,2023-03-24 10:53:29,0,0
556,15,Impressora ,Setor,2023-03-24 11:19:06,66,2023-03-24 11:19:06,0,0
557,23,monitor ,gabriela,2023-03-24 11:36:45,7,2023-03-24 11:36:45,0,0
558,23,Data e hora,Sejane,2022-11-01 08:00:00,27,2023-03-27 08:52:17,0,0
561,22,Sem internet,Diego,2023-03-27 14:22:15,66,2023-03-27 14:22:15,0,0
562,23,Sem rede,Roseli,2022-11-01 08:00:00,0,2023-03-28 08:23:54,0,0
564,23,Abrir pasta ,Kezia,2022-11-01 08:00:00,19,2023-03-28 08:55:06,0,0
567,15,Pc não liga,Setor,2023-03-29 08:20:07,33,2023-03-29 08:20:07,0,0
569,23,Pasta,Não informado,2023-03-29 09:35:07,0,2023-03-29 09:35:07,0,0
570,23,Não Especificado,Não informado,2023-03-29 10:12:03,0,2023-03-29 10:12:03,0,0
572,22,PC novo ,Mara,2023-03-29 10:33:39,46,2023-03-29 10:33:39,0,0
573,22,Impressora de Protocolo,Mariana,2022-11-01 08:00:00,0,2023-03-29 10:46:52,0,0
574,23,PC NAO LIGA,Não informado,2023-03-30 08:19:30,6,2023-03-30 08:19:30,0,0
575,22,Token,Silvia,2023-03-30 08:29:42,32,2023-03-30 08:29:42,0,0
576,22,PC não liga,Prudencio,2023-03-30 08:30:25,34,2023-03-30 08:30:25,0,0
577,23,Sem Internet,Rosa,2023-03-30 09:03:26,7,2023-03-30 09:03:26,0,0
578,26,pc sem adaptador de Rede,Não informado,2022-11-01 08:00:00,0,2023-03-30 15:32:38,0,0
579,22,Arquivos soltos no C,Silvia,2023-03-30 16:38:01,32,2023-03-30 16:38:01,0,0
581,23,Problema de digitalização ,Não informado,2022-11-01 08:00:00,16,2023-03-31 09:08:06,0,0
582,15,Internet ,Carol,2023-03-31 09:41:32,8,2023-03-31 09:41:32,0,0
583,23,Não Especificado,Não informado,2022-11-01 08:00:00,0,2023-03-31 09:44:28,0,0
584,23,Sem rede,Não informado,2023-03-31 10:21:09,6,2023-03-31 10:21:10,0,0
585,23,Sem acesso a pasta ,Não informado,2023-03-31 10:23:05,16,2023-03-31 10:23:05,0,0
586,23,Servidor,Não informado,2023-03-31 10:42:11,19,2023-03-31 10:42:11,0,0
587,15,Scanner,Barbara,2023-03-31 10:42:18,34,2023-03-31 10:42:18,0,0
588,15,Compartilhamento ,Barbara,2023-03-31 10:42:44,34,2023-03-31 10:42:44,0,0
596,23,PC NAO LIGA,Adriana,2022-11-01 08:00:00,7,2023-04-03 09:46:36,0,0
597,23,PROBLEMA NA IMPRESSORA,Jacque,2023-04-03 11:06:20,10,2023-04-03 11:06:20,0,0
598,23,Não específicado,Não informado,2023-04-04 08:59:10,0,2023-04-04 08:59:10,0,0
599,23,Sem Internet,Não informado,2023-04-04 09:08:12,0,2023-04-04 09:08:12,0,0
600,23,Sem rede,Rita,2022-11-01 08:00:00,0,2023-04-04 09:13:34,0,0
601,15,Internet ,Hamilton ,2023-04-04 09:16:16,0,2023-04-04 09:16:16,0,0
602,23,PC NAO LIGA,Não informado,2023-04-04 09:29:31,0,2023-04-04 09:29:31,0,0
603,23,Não Especificado,Não informado,2022-11-01 08:00:00,7,2023-04-04 09:47:36,0,0
604,23,Sem rede,Não informado,2022-11-01 08:00:00,0,2023-04-04 09:58:09,0,0
605,23,Não Especificado,Dani,2022-11-01 08:00:00,0,2023-04-04 10:15:55,0,0
606,23,Sem Internet,Não informado,2022-11-01 08:00:00,10,2023-04-04 11:02:03,0,0
607,23,Sem rede,Não informado,2023-04-04 11:04:09,0,2023-04-04 11:04:09,0,0
608,23,Hora e data,Marcos,2023-04-04 11:31:16,0,2023-04-04 11:31:16,0,0
609,15,Internet ,Não informado,2023-04-04 14:20:16,0,2023-04-04 14:20:16,0,0
610,23,Sem rede,Não informado,2022-11-01 08:00:00,19,2023-04-05 08:51:21,0,0
611,23,Não Especificado,Não informado,2023-04-05 08:51:42,0,2023-04-05 08:51:42,0,0
612,23,3 computadores sem internet,Elinara,2022-11-01 08:00:00,54,2023-04-05 09:10:24,0,0
613,22,Sem rede,N/A,2023-04-05 10:20:39,35,2023-04-05 10:20:39,0,0
614,23,Não Especificado,Não informado,2023-04-05 10:34:11,57,2023-04-05 10:34:11,0,0
615,23,PC NAO LIGA,Milton,2022-11-01 08:00:00,23,2023-04-05 10:44:39,0,0
616,23,scanner,Não informado,2022-11-01 08:00:00,23,2023-04-05 11:09:51,0,0
620,23,scanner,Rosa,2023-04-06 08:17:41,7,2023-04-06 08:17:41,0,0
621,22,Reunião 58as 15:45,Jaqueline,2022-11-01 08:00:00,10,2023-04-06 09:25:32,0,0
622,23,Sem rede,Não informado,2023-04-06 09:29:57,35,2023-04-06 09:29:57,0,0
624,23,Monitor,Jauri,2023-04-06 09:46:46,16,2023-04-06 09:46:46,0,0
625,23,Não Especificado,Pamela laubins,2023-04-06 10:10:06,0,2023-04-06 10:10:06,0,0
626,26,monitor,Não informado,2023-04-06 10:13:52,35,2023-04-06 10:13:52,0,0
627,26,colocar rede pc ,Não informado,2023-04-06 10:14:17,34,2023-04-06 10:14:17,0,0
628,23,Não Especificado,Liliane,2023-04-06 10:28:47,0,2023-04-06 10:28:47,0,0
630,23,Otimização de PDF,Não informado,2022-11-01 08:00:00,0,2023-04-06 10:59:20,0,0
631,23,Acesso pagina do banco,Cristiane,2023-04-06 11:15:57,29,2023-04-06 11:15:57,0,0
632,22,Sitagro,MILTON,2023-04-06 14:49:15,23,2023-04-06 14:49:15,0,0
633,22,Rede horario,FATIMA,2023-04-06 15:24:56,24,2023-04-06 15:24:56,0,0
634,23,Não Especificado,Dani,2022-11-01 08:00:00,0,2023-04-10 08:45:39,0,0
635,23,PC NAO LIGA,Cris,2023-04-10 10:10:55,36,2023-04-10 10:10:55,0,0
636,23,Word,Não informado,2023-04-10 10:39:46,0,2023-04-10 10:39:46,0,0
638,23,Sem rede,Alice,2023-04-11 09:00:08,0,2023-04-11 09:00:08,0,0
642,23,horário,Jose marcio,2023-04-11 11:15:43,0,2023-04-11 11:15:43,0,0
643,23,Sem Internet,Azambuja,2022-11-01 08:00:00,23,2023-04-12 08:36:29,0,0
644,23,Não Especificado,Não informado,2023-04-12 09:31:03,0,2023-04-12 09:31:03,0,0
646,23,Acesso ,Pícoli ,2022-11-01 08:00:00,0,2023-04-13 08:17:10,0,0
647,23,mouse,Não informado,2023-04-13 10:00:23,0,2023-04-13 10:00:23,0,0
649,22,Wi-FI que tiraram desde Outubro,Isadora,2023-04-13 11:47:49,0,2023-04-13 11:47:49,0,0
650,23,Tela azul/ não liga,Fabio,2022-11-01 08:00:00,0,2023-04-14 08:56:12,0,0
651,23,Sem rede,vanessa,2023-04-14 10:58:00,29,2023-04-14 10:58:00,0,0
652,23,Pc atualizando,Não informado,2022-11-01 08:00:00,19,2023-04-17 08:24:49,0,0
653,23,Data e hora,Luane,2023-04-17 08:56:17,26,2023-04-17 08:56:17,0,0
654,23,Configuração,Não informado,2022-11-01 08:00:00,0,2023-04-17 09:32:58,0,0
655,23,scanner,Icaro,2023-04-17 10:18:08,7,2023-04-17 10:18:08,0,0
656,23,Não Especificado,Não informado,2023-04-17 10:39:06,0,2023-04-17 10:39:06,0,0
657,23,Sem rede,Luciane,2023-04-17 10:53:46,17,2023-04-17 10:53:46,0,0
658,22,Não consegue Scanner,Fabio,2023-04-17 14:38:54,59,2023-04-17 14:38:54,0,0
659,22,Não sabe (De manhã),Marcia Cinuelo,2023-04-18 00:00:00,0,2023-04-17 15:27:02,0,0
660,23,atualizar o windows,Não informado,2023-04-18 08:52:23,7,2023-04-18 08:52:23,0,0
661,23,Sem Internet,Não informado,2022-11-01 08:00:00,0,2023-04-18 09:38:53,0,0
662,23,Login,Silvia,2023-04-18 09:45:54,28,2023-04-18 09:45:54,0,0
663,22,Sala do Prefeito montar para reunião,Jaqueline,2023-04-18 10:22:57,10,2023-04-18 10:22:57,0,0
664,23,Não específicado,Não informado,2022-11-01 08:00:00,0,2023-04-19 10:08:41,0,0
667,15,Instalar equipamento ,Jaqueline ,2023-04-19 00:00:00,58,2023-04-19 10:34:42,0,0
668,23,Problema na planilha ,Luciano,2023-04-19 10:38:12,29,2023-04-19 10:38:12,0,0
670,15,Cabo de rede ,Jaqueline ,2023-04-20 10:15:30,10,2023-04-20 10:15:30,0,0
671,15,Conta google,Jaqueline ,2023-04-20 10:15:51,10,2023-04-20 10:15:51,0,0
672,23,Problema para abrir programa,Não informado,2023-04-24 09:10:34,0,2023-04-24 09:10:34,0,0
673,15,Sem rede ,Setor,2023-04-24 11:58:07,6,2023-04-24 11:58:07,0,0
674,23,Senha de acesso,Não informado,2022-11-01 08:00:00,44,2023-04-25 08:56:31,0,0
675,23,Não Especificado,Não informado,2023-04-25 09:41:11,0,2023-04-25 09:41:11,0,0
676,23,imprimir,Andriele,2022-11-01 08:00:00,0,2023-04-25 09:57:31,0,0
677,15,Office,Setor ,2023-04-25 10:35:43,45,2023-04-25 10:35:43,0,0
678,15,Impressora,Ecilma,2023-04-25 10:36:16,51,2023-04-25 10:36:16,0,0
679,15,Internet ,Hamilton ,2023-04-25 10:38:49,8,2023-04-25 10:38:49,0,0
680,23,Não Especificado,Não informado,2023-04-25 10:47:20,0,2023-04-25 10:47:20,0,0
681,23,Monitor não liga,Italia,2022-11-01 08:00:00,0,2023-04-25 11:29:43,0,0
683,28,Não sabe a senha ,Fabiana ,2022-11-01 08:00:00,0,2023-04-25 16:44:02,0,0
684,23,Instalar programa ,Não informado,2023-04-26 09:19:26,23,2023-04-26 09:19:26,0,0
693,23,PC NAO LIGA,estefany,2023-04-27 11:38:24,6,2023-04-27 11:38:24,0,0
698,23,Problema para imprimir,Rodrigo,2023-04-28 09:47:48,20,2023-04-28 09:47:48,0,0
704,23,Não Especificado,Não informado,2023-05-02 09:13:16,0,2023-05-02 09:13:16,0,0
705,28,Não conseguiu acessar a máquina ,Não informado,2023-05-03 14:48:39,34,2023-05-03 14:48:39,0,0
707,23,PC NAO LIGA,Maisa,2023-05-04 11:25:08,0,2023-05-04 11:25:08,0,0
708,28,Instalar cabo de rede ,Não informado,2022-11-01 08:00:00,54,2023-05-04 16:50:48,0,0
709,23,scanner,CéSar,2022-11-01 08:00:00,6,2023-05-05 10:27:16,0,0
710,15,Sem internet,Mariel,2023-05-08 08:48:06,0,2023-05-08 08:48:06,0,0
711,23,Teclado ,Não informado,2023-05-08 09:02:19,17,2023-05-08 09:02:19,0,0
712,23,PC NAO LIGA,Paulo,2023-05-08 10:02:10,27,2023-05-08 10:02:10,0,0
713,23,Não Especificado,Não informado,2023-05-08 10:37:44,0,2023-05-08 10:37:44,0,0
714,23,Não Especificado,Não informado,2023-05-08 10:37:56,6,2023-05-08 10:37:56,0,0
715,23,PROBLEMA NA IMPRESSORA,Rose,2022-11-01 08:00:00,51,2023-05-08 11:03:13,0,0
716,15,impressora,Rose,2023-05-08 14:10:18,51,2023-05-08 14:10:18,0,0
717,28,Rede ,Não informado,2023-05-08 15:01:18,0,2023-05-08 15:01:18,0,0
718,23,Não Especificado,25,2023-05-09 08:44:04,0,2023-05-09 08:44:04,0,0
719,23,Acessar programa,Rosa,2022-11-01 08:00:00,7,2023-05-09 09:13:45,0,0
720,23,instalar pc,rosie,2023-05-09 09:57:42,0,2023-05-09 09:57:42,0,0
721,23,Não Especificado,Vanessa,2023-05-09 10:10:35,0,2023-05-09 10:10:35,0,0
722,23,scanner,Rose,2022-11-01 08:00:00,51,2023-05-09 10:41:04,0,0
723,23,Não Especificado,Não informado,2023-05-10 08:55:00,0,2023-05-10 08:55:00,0,0
724,23,Não Especificado,Não informado,2023-05-10 09:47:48,0,2023-05-10 09:47:48,0,0
725,15,Pc não liga,Não informado,2023-05-11 08:29:06,0,2023-05-11 08:29:06,0,0
726,23,Não Especificado,Não informado,2023-05-11 09:26:22,0,2023-05-11 09:26:22,0,0
727,23,Nao consegue abrir arquivo ,Patricia ,2022-11-01 08:00:00,0,2023-05-11 10:19:43,0,0
728,23,Nao consegue imprimir ,Barbara ,2022-11-01 08:00:00,0,2023-05-11 10:20:56,0,0
730,23,Levar webcam- 15 horas,51 valdir ,2022-11-01 08:00:00,0,2023-05-11 10:45:54,0,0
731,23,Nao consegue imprimir na ploter ,Barbara ,2022-11-01 08:00:00,34,2023-05-12 08:28:50,0,0
733,32,2 pcs nao estao funcionando,Não informado,2023-05-12 09:51:20,0,2023-05-12 09:51:20,0,0
735,32,instalar pc ,Não informado,2023-05-12 10:43:42,0,2023-05-12 10:43:42,0,0
736,32,PC NAO LIGA,Thania,2023-05-15 08:19:57,20,2023-05-15 08:19:57,0,0
737,32,Instalar office ,Leandro ,2022-11-01 08:00:00,0,2023-05-15 08:26:44,0,0
739,32,compartilhamento,Não informado,2023-05-15 09:20:29,66,2023-05-15 09:20:29,0,0
740,32,Pc nao liga ,Não informado,2022-11-01 08:00:00,6,2023-05-15 09:33:32,0,0
741,15,Imprimir no AR,Não informado,2023-05-15 09:41:57,0,2023-05-15 09:41:57,0,0
743,23,Acesso a documento na rede,Não informado,2023-05-15 10:17:44,0,2023-05-15 10:17:44,0,0
744,32,"PROBLEMA NA IMPRESSORA, plotter ",Barbara ,2022-11-01 08:00:00,0,2023-05-15 11:09:34,0,0
745,32,Problema pra acessar site ,Azambuja,2023-05-16 09:53:48,23,2023-05-16 09:53:48,0,0
746,32,Sem senha de adm ,4,2022-11-01 08:00:00,0,2023-05-16 11:50:49,0,0
747,32,Não Especificado,Tania,2022-11-01 08:00:00,20,2023-05-16 14:12:31,0,0
748,32,Istalar um Programa,Michele,2023-05-16 14:14:26,0,2023-05-16 14:14:26,0,0
749,32,bloqueio no site,Irton,2022-11-01 08:00:00,28,2023-05-16 15:08:54,0,0
750,32,Nao consegue salvar arquivo ,Amilton,2022-11-01 08:00:00,0,2023-05-16 15:40:56,0,0
751,32,"Instalar data show , Teatro",Doutor Eduardo ,2022-11-01 08:00:00,0,2023-05-16 15:47:58,0,0
752,15,Internet ,Rose,2023-05-17 08:28:52,0,2023-05-17 08:28:52,0,0
753,22,Não consegue acessar site da federal,Sec. Valdir,2023-05-17 08:57:19,32,2023-05-17 08:57:19,0,0
754,32,Instalar o notebook para reunião ,Não informado,2022-11-01 08:00:00,0,2023-05-18 08:47:33,0,0
755,23,Não específicado,Não informado,2023-05-18 09:13:06,0,2023-05-18 09:13:06,0,0
756,32,Pc sem rede,Não informado,2022-11-01 08:00:00,17,2023-05-18 10:02:24,0,0
757,32,Montar PC,Hamilton,2023-05-18 10:38:45,0,2023-05-18 10:38:45,0,0
758,32,Impressora nao imprime ,Natali ,2023-05-18 10:51:26,4,2023-05-18 10:51:26,0,0
761,23,pc reinicializando  ,Não informado,2022-11-01 08:00:00,51,2023-05-19 09:13:20,0,0
763,22,Montar TV no 58,RONNIE MELLO,2022-11-01 08:00:00,10,2023-05-19 15:52:14,0,0
764,23,Não específicado,Não informado,2023-05-22 10:56:05,0,2023-05-22 10:56:05,0,0
765,23,Não específicado,Não informado,2023-05-22 10:56:29,0,2023-05-22 10:56:29,0,0
767,32,cabo de rede,Não informado,2023-05-23 10:37:50,0,2023-05-23 10:37:50,0,0
768,32,cabo de rede,Michele,2022-11-01 08:00:00,0,2023-05-23 11:15:27,0,0
769,22,Pc bugando a tela e se desligando/ impressora com problema,Ana Clara,2023-05-25 00:00:00,0,2023-05-24 08:34:16,0,0
771,22,Montar data Show 58,Jaqueleine,2023-05-24 14:52:12,10,2023-05-24 14:52:12,0,0
774,23,Não Especificado,Não informado,2023-05-25 10:46:01,0,2023-05-25 10:46:01,0,0
775,23,Não Especificado,Não informado,2023-05-25 10:49:44,0,2023-05-25 10:49:44,0,0
777,23,Não Especificado,Não informado,2023-05-26 10:37:32,0,2023-05-26 10:37:32,0,0
778,23,Não Especificado,Não informado,2023-05-29 08:26:47,0,2023-05-29 08:26:47,0,0
779,23,imprimir etiquetas,tania,2023-05-29 09:11:59,20,2023-05-29 09:11:59,0,0
780,23,PC NAO LIGA,Ricardo,2023-05-29 09:15:26,0,2023-05-29 09:15:26,0,0
781,23,Não Especificado,Não informado,2023-05-29 10:38:11,33,2023-05-29 10:38:11,0,0
782,23,Não específicado,Não informado,2023-05-30 08:28:47,0,2023-05-30 08:28:47,0,0
784,23,Não Especificado,Jacque,2023-05-30 10:31:23,0,2023-05-30 10:31:23,0,0
787,23,Não Especificado,Não informado,2022-11-01 08:00:00,16,2023-06-01 08:47:26,0,0
788,23,Abrir arquivo ,Liliane ,2022-11-01 08:00:00,36,2023-06-01 11:08:20,0,0
789,22,Não consegue abrir link segov,Jaquelinbe,2023-06-01 14:35:42,0,2023-06-01 14:35:42,0,0
790,22,Problema na rede,Maisa,2023-06-01 14:36:07,53,2023-06-01 14:36:07,0,0
791,22,Problema na rede,Maisa,2023-06-01 14:36:07,53,2023-06-01 14:36:07,0,0
792,23,PC NAO LIGA,Não informado,2022-11-01 08:00:00,16,2023-06-02 08:15:31,0,0
793,23,Instalar PC,Não informado,2023-06-02 10:31:34,0,2023-06-02 10:31:34,0,0
794,15,Virus,Não informado,2023-06-02 10:54:41,0,2023-06-02 10:54:41,0,0
795,15,Instalar pc,Não informado,2023-06-02 10:55:09,34,2023-06-02 10:55:09,0,0
796,15,Instalar pc,Não informado,2023-06-03 00:00:00,34,2023-06-02 12:07:53,0,0
797,23,Não específicado,Não informado,2023-06-05 08:23:16,0,2023-06-05 08:23:16,0,0
798,33,pc não liga,Não informado,2023-06-05 08:23:18,0,2023-06-05 08:23:18,0,0
799,23,Instalar programa ,valter,2023-06-05 08:43:16,29,2023-06-05 08:43:16,0,0
800,23,teclado,eduarda,2022-11-01 08:00:00,0,2023-06-05 08:52:23,0,0
802,23,PC NAO LIGA,cancio,2023-06-05 09:51:39,33,2023-06-05 09:51:39,0,0
805,23,Instalar PC,setor,2023-06-06 10:57:08,0,2023-06-06 10:57:08,0,0
806,23,Não Especificado,Não informado,2023-06-07 08:47:20,0,2023-06-07 08:47:20,0,0
807,23,PC NAO LIGA,DAIANE,2022-11-01 08:00:00,0,2023-06-07 08:52:33,0,0
808,23,configurar scanner,fabiola,2023-06-07 09:27:01,6,2023-06-07 09:27:01,0,0
810,23,PC NAO LIGA,"Vanessa , Danilo",2022-11-01 08:00:00,0,2023-06-12 08:43:20,0,0
811,23,PC NAO LIGA,clecio,2022-11-01 08:00:00,33,2023-06-12 08:50:05,0,0
812,23,PC NAO LIGA,Não informado,2022-11-01 08:00:00,0,2023-06-12 09:04:31,0,0
813,21,Pc Mônica com problema ,Mary,2022-11-01 08:00:00,0,2023-06-12 10:10:07,0,0
815,23,teclado,Diretora ,2022-11-01 08:00:00,6,2023-06-13 08:38:39,0,0
816,23,Problema para imprimir,procuradora lucia,2022-11-01 08:00:00,0,2023-06-14 09:11:11,0,0
817,23,Não Especificado,Não informado,2023-06-14 10:35:58,0,2023-06-14 10:35:58,0,0
818,21,Sem rede,Rafael Marques,2023-06-15 09:30:18,0,2023-06-15 09:30:18,0,0
819,23,Não específicado,Não informado,2023-06-15 10:35:17,0,2023-06-15 10:35:17,0,0
820,23,instalar pc,Não informado,2023-06-16 09:03:03,0,2023-06-16 09:03:03,0,0
822,33,pc não liga,Graciela,2023-06-19 08:16:38,10,2023-06-19 08:16:38,0,0
827,23,PROBLEMA NA IMPRESSORA,Norberto,2023-06-20 09:18:51,33,2023-06-20 09:18:51,0,0
828,22,Instalar Impressora,FAbricio,2023-06-20 09:44:19,21,2023-06-20 09:44:19,0,0
832,23,PC NAO LIGA,Não informado,2023-06-22 09:32:05,0,2023-06-22 09:32:05,0,0
833,23,problema pra acessar chrome,silvia,2022-11-01 08:00:00,28,2023-06-22 09:47:17,0,0
834,23,Sem Internet,giuliane,2022-11-01 08:00:00,6,2023-06-22 10:29:31,0,0
835,23,Instalar PC,Não informado,2022-11-01 08:00:00,0,2023-06-22 10:34:34,0,0
836,23,Instalar PC,juliane,2022-11-01 08:00:00,0,2023-06-23 09:14:52,0,0
837,23,Não Especificado,Não informado,2023-06-23 09:27:16,0,2023-06-23 09:27:16,0,0
838,23,Problema com o antivírus ,Cincler,2022-11-01 08:00:00,27,2023-06-26 08:37:12,0,0
839,23,PC NAO LIGA,cancio,2022-11-01 08:00:00,33,2023-06-26 08:44:39,0,0
840,23,Não Especificado,Não informado,2023-06-26 08:45:16,0,2023-06-26 08:45:16,0,0
841,15,Pc não liga ,Ecilma ,2023-06-26 08:56:38,51,2023-06-26 08:56:38,0,0
842,23,configurar scanner,Não informado,2022-11-01 08:00:00,7,2023-06-26 10:50:25,0,0
843,23,Instalar programa ,Pamela,2022-11-01 08:00:00,29,2023-06-26 11:27:42,0,0
844,23,Datashow,Não informado,2022-11-01 08:00:00,0,2023-06-27 08:22:06,0,0
845,23,aba de favoritos,Gilmar,2022-11-01 08:00:00,6,2023-06-27 08:43:19,0,0
846,23,Não Especificado,Pereira,2022-11-01 08:00:00,0,2023-06-27 09:40:14,0,0
847,23,PROBLEMA NA IMPRESSORA,Não informado,2023-06-27 09:55:51,0,2023-06-27 09:55:51,0,0
848,23,PC NAO LIGA,lara /valeria,2022-11-01 08:00:00,28,2023-06-27 10:23:24,0,0
850,23,Hora e data ,Daltron,2022-11-01 08:00:00,29,2023-06-28 08:25:55,0,0
851,23,certificado,Mauro Brum,2022-11-01 08:00:00,35,2023-06-28 09:12:37,0,0
853,33,instalar pc,4,2023-06-28 09:27:50,0,2023-06-28 09:27:50,0,0
854,23,acessar word,ana bela,2022-11-01 08:00:00,0,2023-06-28 09:42:34,0,0
856,32,Ativar office ,Não informado,2023-06-29 10:20:50,45,2023-06-29 10:20:50,0,0
857,28,Não sei ,Não informado,2023-06-29 14:02:35,54,2023-06-29 14:02:35,0,0
858,23,PC NAO LIGA,Joel,2022-11-01 08:00:00,26,2023-07-03 08:31:54,0,0
859,23,Sem Internet,Não informado,2023-07-03 08:45:47,0,2023-07-03 08:45:47,0,0
860,23,scanner,Não informado,2022-11-01 08:00:00,29,2023-07-03 10:20:08,0,0
861,23,Ponteira do cabo de rede,Julio,2022-11-01 08:00:00,0,2023-07-03 10:50:32,0,0
862,23,REUNIAO ONLINE-- 9 E 30,Pedro--- FALAR COM KIRINO,2023-07-04 00:00:00,0,2023-07-03 11:25:05,0,0
863,34,pc nao liga,yasmin,2023-07-04 08:22:37,6,2023-07-04 08:22:37,0,0
864,34,pc nao liga,Não informado,2023-07-04 12:04:52,6,2023-07-04 12:04:52,0,0
865,34,instalar impressora,Não informado,2023-07-04 12:05:53,7,2023-07-04 12:05:53,0,0
866,23,sem internet,Luciana,2022-11-01 08:00:00,6,2023-07-05 08:40:09,0,0
867,23,Não específicado,Bruno,2022-11-01 08:00:00,0,2023-07-05 08:41:17,0,0
868,23,PC NAO LIGA,Não informado,2023-07-05 09:54:59,0,2023-07-05 09:54:59,0,0
869,23,Problema para imprimir,Hamilton,2022-11-01 08:00:00,0,2023-07-06 10:30:08,0,0
870,33,pc não liga,Não informado,2023-07-07 08:09:34,6,2023-07-07 08:09:34,0,0
871,23,Não específicado,Não informado,2023-07-07 09:46:37,0,2023-07-07 09:46:37,0,0
873,32,teclado nao funciona ,Não informado,2022-11-01 08:00:00,37,2023-07-10 10:33:46,0,0
874,32,Conectar impressora no pc,Não informado,2023-07-10 11:35:16,6,2023-07-10 11:35:16,0,0
875,32,Trocar formato de arquivo ,Não informado,2023-07-10 11:59:16,0,2023-07-10 11:59:16,0,0
879,33,programas,Ana,2023-07-11 08:14:23,6,2023-07-11 08:14:23,0,0
880,33,CI do expediente do rh ,ana e ro49ere ,2023-07-11 08:38:42,6,2023-07-11 08:38:42,0,0
881,32,Tela nao da video ,Juliane ,2023-07-11 08:41:28,0,2023-07-11 08:41:28,0,0
883,32,Pc nao inicia ,Não informado,2023-07-12 08:26:59,27,2023-07-12 08:26:59,0,0
884,32,"PC não liga, 14 hrs",Não informado,2022-11-01 08:00:00,0,2023-07-12 09:47:25,0,0
885,32,Área de trabalho nao aparece ,Não informado,2022-11-01 08:00:00,27,2023-07-12 11:51:03,0,0
886,32,Pc com problema ,Não informado,2023-07-13 09:29:52,0,2023-07-13 09:29:52,0,0
887,32,Acessar site ,Claudia ,2022-11-01 08:00:00,0,2023-07-13 10:12:08,0,0
888,32,Arrumar impressora ,Não informado,2022-11-01 08:00:00,34,2023-07-13 10:21:50,0,0
889,21,Limpeza sem formatação ,Luís ,2023-07-13 10:27:48,0,2023-07-13 10:27:48,0,0
890,21,Mal contato,Nuria Kunzler,2023-07-13 10:28:42,10,2023-07-13 10:28:42,0,0
894,32,Instalar TP ,Não informado,2023-07-17 10:01:51,23,2023-07-17 10:01:51,0,0
895,32,Pc com problema ,Não informado,2023-07-17 10:13:19,0,2023-07-17 10:13:19,0,0
896,32,Ativar office ,Não informado,2023-07-17 10:25:12,0,2023-07-17 10:25:12,0,0
897,32,Pc com problema ,Não informado,2023-07-17 10:56:55,0,2023-07-17 10:56:55,0,0
899,32,"arrumar pc, Dr. natali ",Não informado,2023-07-18 10:10:51,0,2023-07-18 10:10:51,0,0
900,23,teste,Não informado,2023-07-19 13:50:57,0,2023-07-19 08:50:57,0,0
902,32,Pc não liga ,Não informado,2023-07-19 08:55:25,0,2023-07-19 08:55:25,0,0
904,32,Data show ,Everaldo ,2023-07-19 09:12:09,0,2023-07-19 09:12:09,0,0
906,32,Problema no scanner,Não informado,2023-07-19 10:31:21,19,2023-07-19 10:31:21,0,0
907,32,Instalar pc ,Cansio,2023-07-19 10:59:12,33,2023-07-19 10:59:12,0,0
908,15,Internet,Não informado,2023-07-20 10:20:53,0,2023-07-20 10:20:53,0,0
910,32,extençao cheiro de queimado	,Não informado,2023-07-20 10:31:49,29,2023-07-20 10:31:49,0,0
911,32,"instalar impressora, arrumar tomada ",Não informado,2023-07-20 11:10:28,29,2023-07-20 11:10:28,0,0
912,32,pc nao liga ,Não informado,2023-07-21 09:49:48,0,2023-07-21 09:49:48,0,0
914,32,Problema no envio de pdf,Não informado,2023-07-24 09:37:19,0,2023-07-24 09:37:19,0,0
916,32,problema em acesso de site,olivia ,2023-07-25 09:16:03,28,2023-07-25 09:16:03,0,0
917,32,ativar office ,Não informado,2023-07-25 09:25:56,0,2023-07-25 09:25:56,0,0
920,32,instalar webcam e impressora,Não informado,2023-07-25 10:07:01,0,2023-07-25 10:07:01,0,0
922,32,planilha sumiu ,Não informado,2023-07-25 11:48:13,29,2023-07-25 11:48:13,0,0
924,32,fio cheiro de queimado	A,Não informado,2023-07-27 08:55:57,0,2023-07-27 08:55:57,0,0
927,32,Não Especificado,Não informado,2023-07-28 09:39:39,0,2023-07-28 09:39:39,0,0
928,33,no pc,CAROL,2022-11-01 08:00:00,8,2023-07-31 08:25:45,0,0
929,34,impressora  esta offline,Não informado,2023-07-31 10:31:40,33,2023-07-31 10:31:40,0,0
930,32,Hora e data,Não informado,2023-08-01 08:11:28,6,2023-08-01 08:11:28,0,0
932,32,atualizar pacote office,Não informado,2023-08-01 08:47:00,45,2023-08-01 08:47:00,0,0
933,32,Sem Internet,Não informado,2023-08-01 09:08:19,0,2023-08-01 09:08:19,0,0
934,32,n consegue baixar arquivo pelo site ,Não informado,2023-08-01 09:39:14,28,2023-08-01 09:39:14,0,0
935,32,instalar impressora e pc com problema ,Não informado,2023-08-02 08:35:22,0,2023-08-02 08:35:22,0,0
936,32,estabilizador ,Não informado,2023-08-02 09:50:23,0,2023-08-02 09:50:23,0,0
937,32,arrumar pasta compartilhada ,Não informado,2023-08-02 09:51:40,0,2023-08-02 09:51:40,0,0
938,32,instalar pc ,Não informado,2023-08-02 10:12:18,0,2023-08-02 10:12:18,0,0
939,32,montar data show ,Não informado,2023-08-02 10:36:53,0,2023-08-02 10:36:53,0,0
941,33,windows sem chave,Cristian,2022-11-01 08:00:00,0,2023-08-03 08:46:05,0,0
942,32,pc nao imprime ,Não informado,2023-08-03 09:19:28,0,2023-08-03 09:19:28,0,0
943,32,pc nao imprime ,Não informado,2023-08-03 09:22:54,0,2023-08-03 09:22:54,0,0
945,32,Pc com problema ,Não informado,2023-08-04 09:45:12,29,2023-08-04 09:45:12,0,0
946,32,Pc com problema ,Não informado,2023-08-04 10:48:28,0,2023-08-04 10:48:28,0,0
948,32,PC NAO LIGA,Não informado,2023-08-07 09:30:15,19,2023-08-07 09:30:15,0,0
949,32,impressora com problema ,Não informado,2022-11-01 08:00:00,33,2023-08-07 10:47:17,0,0
950,32,sem internet ,Não informado,2023-08-08 09:02:40,0,2023-08-08 09:02:40,0,0
951,32,impressora c problema ,Não informado,2023-08-08 11:26:08,0,2023-08-08 11:26:08,0,0
952,32,sem internet ,Não informado,2022-11-01 08:00:00,51,2023-08-09 08:34:05,0,0
953,32,problema para abrir site Ar ,joel ,2022-11-01 08:00:00,26,2023-08-11 10:55:47,0,0
954,32,pc com tela azul e site ar ,Não informado,2023-08-11 11:19:21,35,2023-08-11 11:19:21,0,0
955,35,PC NÃO LIGA ,Não informado,2023-08-14 08:13:31,6,2023-08-14 08:13:31,0,0
957,32,PC NAO LIGA,Não informado,2023-08-15 10:33:10,0,2023-08-15 10:33:10,0,0
960,32,sem acesso ao site,Não informado,2023-08-15 11:23:27,0,2023-08-15 11:23:27,0,0
961,32,arrumar pc,Não informado,2023-08-17 09:18:03,0,2023-08-17 09:18:03,0,0
962,32,not nao imprime e nem abre o email,Não informado,2023-08-18 10:12:42,0,2023-08-18 10:12:42,0,0
963,32,arrumar pc,Não informado,2023-08-21 10:51:17,0,2023-08-21 10:51:17,0,0
966,32,nao conecta a internet,Não informado,2023-08-22 08:43:03,28,2023-08-22 08:43:03,0,0
967,32,arrumar pc,Não informado,2023-08-22 10:17:05,0,2023-08-22 10:17:05,0,0
968,32,instalar a impressora  q esta saindo data e hora errada,Não informado,2023-08-23 11:09:06,20,2023-08-23 11:09:06,0,0
969,32,impressora offline nao imprime ,Não informado,2022-11-01 08:00:00,33,2023-08-23 11:38:18,0,0
970,32,arrumar pc,Não informado,2023-08-24 08:50:38,0,2023-08-24 08:50:38,0,0
971,32,arrumar os cabos,Não informado,2023-08-24 09:10:05,8,2023-08-24 09:10:05,0,0
972,32,arrumar data e hora do pc,Não informado,2023-08-24 10:37:18,0,2023-08-24 10:37:18,0,0
973,35,arrumar pc,Fabricio,2023-08-25 08:12:51,0,2023-08-25 08:12:51,0,0
974,32,devolver o pc,Não informado,2023-08-25 08:45:37,0,2023-08-25 08:45:37,0,0
975,32,arrumar os cabos,Não informado,2023-08-25 09:01:58,0,2023-08-25 09:01:58,0,0
976,32,arrumar o monitor,Não informado,2023-08-25 09:46:26,0,2023-08-25 09:46:26,0,0
977,32,nao tem acesso a rede,Não informado,2023-08-25 09:47:07,26,2023-08-25 09:47:07,0,0
978,32,instalar plotter impressoa  ,Não informado,2023-08-25 10:22:14,0,2023-08-25 10:22:14,0,0
979,32,resolver,Não informado,2023-08-25 10:23:03,0,2023-08-25 10:23:03,0,0
980,32,resolver,Não informado,2023-08-28 00:00:00,0,2023-08-25 10:23:32,0,0
981,32,resolver,Não informado,2023-08-28 00:00:00,0,2023-08-25 10:29:32,0,0
982,32,instalar plotter impressora,Não informado,2023-08-25 10:32:49,0,2023-08-25 10:32:49,0,0
984,32,problema em acessar o site,Não informado,2023-08-25 10:59:54,0,2023-08-25 10:59:54,0,0
986,32,dar uma olhada no computador,Não informado,2022-11-01 08:00:00,0,2023-08-28 08:44:04,0,0
987,32,Não Especificado,Não informado,2023-08-28 08:53:53,67,2023-08-28 08:53:53,0,0
988,32,nao conseguem escanear e nem imprimir na impressora ,Não informado,2022-11-01 08:00:00,33,2023-08-28 09:41:15,0,0
989,15,Verificar cabos,Setor,2023-08-28 09:51:59,0,2023-08-28 09:51:59,0,0
990,32,arrumar o relogio do computador ,Não informado,2023-08-29 10:29:54,6,2023-08-29 10:29:54,0,0
992,32,arrumar a internet,Não informado,2023-08-30 08:26:14,44,2023-08-30 08:26:14,0,0
994,32,sem rede,Não informado,2023-08-30 08:36:40,0,2023-08-30 08:36:40,0,0
997,32,Não Especificado,Não informado,2023-08-30 08:54:47,8,2023-08-30 08:54:47,0,0
998,32,Sem Internet,Não informado,2023-08-30 08:55:34,44,2023-08-30 08:55:34,0,0
1000,32,configurar impressora ,Não informado,2023-08-30 10:01:15,10,2023-08-30 10:01:15,0,0
1002,32,Configurar impressora,Não informado,2023-08-30 10:08:38,10,2023-08-30 10:08:38,0,0
1003,32,sem  internet ,Não informado,2023-08-30 10:44:11,0,2023-08-30 10:44:11,0,0
1004,32,Não Especificado,Não informado,2023-08-30 11:41:39,0,2023-08-30 11:41:39,0,0
1006,32,"nao conseguem imprimir, fica em estado de erro",Não informado,2023-08-30 11:51:03,33,2023-08-30 11:51:03,0,0
1008,32,abriu uma tela de antivirus,Não informado,2023-08-31 08:44:31,0,2023-08-31 08:44:31,0,0
1009,32,nao conseguem imprimir ,Não informado,2023-08-31 09:36:02,0,2023-08-31 09:36:02,0,0
1011,32,"problema na impressora, nao imprime ",Não informado,2023-08-31 09:54:46,33,2023-08-31 09:54:46,0,0
1012,32,Não Especificado,Não informado,2023-08-31 09:57:24,0,2023-08-31 09:57:24,0,0
1013,32,nao conseguem escanear ,Não informado,2023-08-31 10:57:43,0,2023-08-31 10:57:43,0,0
1014,35,PC não funciona,Samuel,2022-11-01 08:00:00,20,2023-09-01 08:21:18,0,0
1016,32,pc nao funciona ,Não informado,2023-09-01 08:47:17,20,2023-09-01 08:47:17,0,0
1018,32,nao conseguem achar uns parecer ,Não informado,2023-09-01 09:08:49,27,2023-09-01 09:08:49,0,0
1019,35,nao consegue achar parecer no word,Não informado,2023-09-01 09:29:21,0,2023-09-01 09:29:21,0,0
1020,32,Pc parou de funcionar ,Não informado,2023-09-01 11:15:56,0,2023-09-01 11:15:56,0,0
1021,32,pede senha durante a atualizacao ,Não informado,2023-09-04 09:35:22,0,2023-09-04 09:35:22,0,0
1022,32,Pc nao liga ,Não informado,2023-09-04 09:53:17,0,2023-09-04 09:53:17,0,0
1024,32,estabilizador com problema ,Não informado,2023-09-04 10:48:41,37,2023-09-04 10:48:41,0,0
1025,32,estabilizador com problema ,Não informado,2023-09-04 10:48:41,37,2023-09-04 10:48:41,0,0
1026,32,Pc nao liga ,Não informado,2023-09-04 11:00:47,20,2023-09-04 11:00:47,0,0
1027,32,Não Especificado,Não informado,2023-09-06 08:57:42,0,2023-09-06 08:57:42,0,0
1031,32,sem acesso ,Não informado,2023-09-06 09:47:38,23,2023-09-06 09:47:38,0,0
1032,32,sem acesso digital ,Não informado,2023-09-06 09:48:01,23,2023-09-06 09:48:01,0,0
1033,32,instalar a impressora ,Não informado,2023-09-08 08:36:00,0,2023-09-08 08:36:00,0,0
1034,32,conector do mouse ,Não informado,2023-09-11 08:35:05,0,2023-09-11 08:35:05,0,0
1035,32,problema no conector do mouse,Não informado,2023-09-11 08:38:26,0,2023-09-11 08:38:26,0,0
1038,32,Computador  parou ,Não informado,2023-09-11 08:52:05,0,2023-09-11 08:52:05,0,0
1039,32,sem acesso a rede ,Não informado,2023-09-11 08:52:53,0,2023-09-11 08:52:53,0,0
1041,32,Não Especificado,Carla,2023-09-11 09:05:21,0,2023-09-11 09:05:21,0,0
1043,32,problema no monitor ,Não informado,2023-09-11 10:03:22,28,2023-09-11 10:03:22,0,0
1044,32,Não Especificado,Não informado,2023-09-11 10:29:06,0,2023-09-11 10:29:06,0,0
1045,32,Não Especificado,Não informado,2023-09-11 10:41:01,0,2023-09-11 10:41:01,0,0
1046,32,Sem Internet,Não informado,2023-09-12 08:27:57,0,2023-09-12 08:27:57,0,0
1048,32,sem rede ,Não informado,2023-09-12 09:35:22,0,2023-09-12 09:35:22,0,0
1049,32,arrumar o cabo,Não informado,2023-09-12 10:05:35,0,2023-09-12 10:05:35,0,0
1058,32,Não Especificado,Não informado,2023-09-13 08:29:48,0,2023-09-13 08:29:48,0,0
1060,32,Instalar PC,Não informado,2023-09-13 08:37:25,0,2023-09-13 08:37:25,0,0
1061,32,mensagem de comando ,Não informado,2023-09-13 08:39:38,0,2023-09-13 08:39:38,0,0
1063,32,computador nao esta ligando,Não informado,2023-09-13 10:08:56,0,2023-09-13 10:08:56,0,0
1065,32,computador ligando e desligando ,Não informado,2023-09-13 10:24:23,0,2023-09-13 10:24:23,0,0
1066,32,entregar um pc,Não informado,2023-09-13 10:41:49,0,2023-09-13 10:41:49,0,0
1067,32,arrumar a rede ,Não informado,2023-09-13 11:24:07,0,2023-09-13 11:24:07,0,0
1070,32,Sem rede,Não informado,2023-09-14 08:33:43,0,2023-09-14 08:33:43,0,0
1074,32,Problema na rede,Não informado,2023-09-14 09:23:21,35,2023-09-14 09:23:21,0,0
1075,32,mudaram a senha ,Não informado,2023-09-14 09:24:16,0,2023-09-14 09:24:16,0,0
1076,32,Não Especificado,Não informado,2023-09-14 10:21:24,0,2023-09-14 10:21:24,0,0
1080,22,58Palestra as 16 horas,Jaqueline / Alex,2023-09-14 13:10:36,10,2023-09-14 13:10:36,0,0
1081,22,Reunião ministério Publico as 17:00 horas,Prefeito/jaqueline,2023-09-14 13:11:45,10,2023-09-14 13:11:45,0,0
1083,34,Sem acesso a rede ,Marielle,2023-09-15 00:00:00,33,2023-09-14 13:14:22,0,0
1086,35,Reiniciando ,Tania ,2023-09-15 08:28:11,20,2023-09-15 08:28:11,0,0
1087,32,Nao consegue acessar o site da 30 ,Não informado,2023-09-15 08:35:20,0,2023-09-15 08:35:20,0,0
1088,32,tela preta ,Não informado,2023-09-15 08:51:43,0,2023-09-15 08:51:43,0,0
1089,32,pc nao liga ,Não informado,2023-09-15 10:22:24,0,2023-09-15 10:22:24,0,0
1091,32,problema com a rede ,Não informado,2023-09-15 10:30:12,0,2023-09-15 10:30:12,0,0
1092,33,Impressora ,César ,2022-11-01 08:00:00,0,2023-09-15 10:33:27,0,0
1093,33,Pc,Cancio,2022-11-01 08:00:00,30,2023-09-15 10:34:58,0,0
1094,32,problema com o scanner ,Não informado,2023-09-15 10:51:24,0,2023-09-15 10:51:24,0,0
1095,32,tela ficou preta ,Não informado,2023-09-15 11:19:07,0,2023-09-15 11:19:07,0,0
1096,32,pegar pc,Não informado,2022-11-01 08:00:00,0,2023-09-15 11:33:54,0,0
1097,32,formatar pc  brenda pra colocar rede,Não informado,2023-09-15 11:34:48,9,2023-09-15 11:34:48,0,0
1098,32,nao especificado ,Não informado,2023-09-15 11:51:14,0,2023-09-15 11:51:14,0,0
1099,34,problema pagamento banrisul,Cristiane,2022-11-01 08:00:00,29,2023-09-15 12:22:45,0,0
1100,35,Não acessa o  site banrisul e banco do brasil ,Walter ,2023-09-18 08:05:47,29,2023-09-18 08:05:47,0,0
1101,32,sem rede,Não informado,2022-11-01 08:00:00,27,2023-09-18 08:18:31,0,0
1102,32,sem rede,Não informado,2022-11-01 08:00:00,0,2023-09-18 08:18:53,0,0
1103,32,sem rede,Não informado,2023-09-18 08:20:04,0,2023-09-18 08:20:04,0,0
1104,32,problema em abrir uns arquivos ,Não informado,2023-09-18 08:31:21,0,2023-09-18 08:31:21,0,0
1105,32,pc dos 44 n conseguem acessar o site da receita federal,Não informado,2022-11-01 08:00:00,0,2023-09-18 08:42:36,0,0
1106,15,Word,Setor,2023-09-18 08:50:01,33,2023-09-18 08:50:01,0,0
1109,32,sem internet ,Não informado,2023-09-21 08:30:00,0,2023-09-21 08:30:00,0,0
1110,32,nao consegue acessar o patrimonio,Não informado,2023-09-21 09:17:26,0,2023-09-21 09:17:26,0,0
1111,32,sem internet ,Não informado,2023-09-21 09:42:36,0,2023-09-21 09:42:36,0,0
1112,32,sem internet ,Não informado,2022-11-01 08:00:00,0,2023-09-21 09:43:00,0,0
1116,32,problema em acessar site,Não informado,2022-11-01 08:00:00,22,2023-09-21 10:47:40,0,0
1117,32,problema no ar,Não informado,2022-11-01 08:00:00,0,2023-09-21 10:48:28,0,0
1118,32,nao acessar o site,Não informado,2023-09-21 11:23:37,0,2023-09-21 11:23:37,0,0
1119,32,problema em acessar site,Não informado,2023-09-21 11:24:14,0,2023-09-21 11:24:14,0,0
1121,32,"problema na rede, alguns arquivos n estao sendo salvos",Não informado,2022-11-01 08:00:00,29,2023-09-21 11:44:04,0,0
1123,15,Internet ,Não informado,2023-09-21 12:28:12,28,2023-09-21 12:28:12,0,0
1124,28,Sem Internet ,Não informado,2023-09-21 14:10:09,0,2023-09-21 14:10:09,0,0
1125,28,Pc sem Internet ,Elinara ,2023-09-21 14:10:53,0,2023-09-21 14:10:53,0,0
1126,26,pc novo fabíola ,Não informado,2023-09-25 00:00:00,6,2023-09-21 15:38:15,0,0
1127,26,arrumar pc,juliana,2022-11-01 08:00:00,0,2023-09-21 15:40:52,0,0
1128,32,pc nao liga ,Não informado,2023-09-22 08:38:42,0,2023-09-22 08:38:42,0,0
1132,32,sem internet ,Não informado,2023-09-22 09:11:27,0,2023-09-22 09:11:27,0,0
1133,32,sem acesso a internet,Não informado,2023-09-22 09:12:22,0,2023-09-22 09:12:22,0,0
1135,32,nao tem acesso a internet,Não informado,2023-09-22 09:14:59,0,2023-09-22 09:14:59,0,0
1136,32,sem acesso a internet ,Não informado,2023-09-22 09:28:51,0,2023-09-22 09:28:51,0,0
1138,32,instalar o AR,Não informado,2022-11-01 08:00:00,0,2023-09-22 09:42:50,0,0
1140,32,instalar internet no pc,catia ,2023-09-26 00:00:00,0,2023-09-22 09:49:50,0,0
1141,32,trocar usuario ,Não informado,2023-09-22 09:50:36,0,2023-09-22 09:50:36,0,0
1142,32,problema no word ,Não informado,2023-09-22 09:51:08,33,2023-09-22 09:51:08,0,0
1143,34,Impressora não funciona,Tania,2023-09-22 10:23:25,28,2023-09-22 10:23:25,0,0
1144,32,nao consegue acessar site,Não informado,2022-11-01 08:00:00,0,2023-09-22 11:07:52,0,0
1145,32,pedindo senha ,Não informado,2023-09-22 11:30:12,21,2023-09-22 11:30:12,0,0
1150,32,nao consegue ligar o pc ,Não informado,2023-09-25 08:59:11,27,2023-09-25 08:59:11,0,0
1153,32,internet oscilando ,Não informado,2022-11-01 08:00:00,29,2023-09-25 09:12:13,0,0
1155,32,reuniao online ,jaqueline ,2023-09-25 09:41:17,0,2023-09-25 09:41:17,0,0
1156,32,reuniao online ,jaqueline ,2022-11-01 08:00:00,0,2023-09-25 09:42:24,0,0
1158,32,internet oscilando ,Não informado,2023-09-25 10:00:58,29,2023-09-25 10:00:58,0,0
1159,32,guiche 5 sem rede,Não informado,2022-11-01 08:00:00,0,2023-09-25 10:17:43,0,0
1162,32,instalar um programa ,Gean,2023-09-25 10:20:56,0,2023-09-25 10:20:56,0,0
1164,32,resumo parou ,Não informado,2023-09-25 10:36:08,0,2023-09-25 10:36:08,0,0
1165,32,reuniao online ,jaqueline ,2023-09-25 10:49:34,0,2023-09-25 10:49:34,0,0
1166,32,problema no pc,Não informado,2023-09-25 11:41:13,0,2023-09-25 11:41:13,0,0
1168,32,arrumar resumo ,Não informado,2023-09-26 08:20:23,27,2023-09-26 08:20:23,0,0
1170,32,nao consegue acessar o  TP,Não informado,2023-09-26 08:41:37,0,2023-09-26 08:41:37,0,0
1171,32,"nao consegue gerar boleto, problema no A.R",Não informado,2023-09-26 08:42:46,0,2023-09-26 08:42:46,0,0
1172,32,problema no pc ,Não informado,2023-09-26 08:51:30,0,2023-09-26 08:51:30,0,0
1173,32,arrumar resumo ,Não informado,2023-09-26 09:11:04,27,2023-09-26 09:11:04,0,0
1175,32,problema na impressora ,Daiane,2022-11-01 08:00:00,0,2023-09-26 09:23:54,0,0
1177,32,passar o scanner para outro pc ,Não informado,2023-09-26 10:02:32,0,2023-09-26 10:02:32,0,0
1182,34, instalar pc,Não informado,2023-09-27 08:38:10,0,2023-09-27 08:38:10,0,0
1183,34,nao informado,Não informado,2023-09-27 08:38:50,0,2023-09-27 08:38:50,0,0
1185,32,instalar impressora,luizinho,2023-09-27 09:01:33,0,2023-09-27 09:01:33,0,0
1186,32,instalar pc,Não informado,2022-11-01 08:00:00,0,2023-09-27 09:03:42,0,0
1187,32,mouse e teclado nao funcionam ,Não informado,2023-09-27 10:30:39,21,2023-09-27 10:30:39,0,0
1188,32,mouse e teclado nao funcionam ,rafael,2022-11-01 08:00:00,21,2023-09-27 10:30:44,0,0
1189,32,cabo de rede com contato,Ricardo,2022-11-01 08:00:00,0,2023-09-27 11:48:12,0,0
1190,32,pc nao liga ,leandro ,2023-09-28 08:43:40,0,2023-09-28 08:43:40,0,0
1193,32,pc nao liga ,Não informado,2023-09-28 09:11:26,0,2023-09-28 09:11:26,0,0
1194,32,"cabo muito curto , nao chega internet no pc",cecilia,2023-09-28 09:21:23,45,2023-09-28 09:21:23,0,0
1195,32,pc se desligando,gabriel,2023-09-28 09:23:19,0,2023-09-28 09:23:19,0,0
1197,32,sem rede,Não informado,2023-09-28 09:51:59,22,2023-09-28 09:51:59,0,0
1198,32,instalar impressora,Não informado,2022-11-01 08:00:00,0,2023-09-28 10:20:06,0,0
1199,32,conectar internet no pc,Não informado,2023-09-28 10:42:52,0,2023-09-28 10:42:52,0,0
1202,32,instalar pc,Não informado,2023-09-29 09:19:56,0,2023-09-29 09:19:56,0,0
1204,32,pc nao liga ,tania ,2023-10-02 08:23:20,20,2023-10-02 08:23:20,0,0
1206,32,planilhas nao abrem ,Não informado,2023-10-02 09:26:02,29,2023-10-02 09:26:02,0,0
1208,32,pc com virus ,Não informado,2023-10-02 10:19:14,0,2023-10-02 10:19:14,0,0
1209,32,planilhas nao abrem ,Não informado,2023-10-02 10:28:23,29,2023-10-02 10:28:23,0,0
1211,32,nao consegue gerar PDF,Não informado,2023-10-02 11:27:02,20,2023-10-02 11:27:02,0,0
1212,22,Conexão com whats não funciona ,51 RODRIGO ,2023-10-03 00:00:00,0,2023-10-02 13:36:07,0,0
1213,15,Navegador,Maria Lucia,2023-10-04 08:56:21,9,2023-10-04 08:56:21,0,0
1214,32,problema nas pastas ,Não informado,2023-10-04 09:21:58,0,2023-10-04 09:21:58,0,0
1215,15,PC piscando,Carla,2023-10-04 09:39:33,37,2023-10-04 09:39:33,0,0
1217,32,pc nao liga ,joao,2023-10-04 09:56:05,0,2023-10-04 09:56:05,0,0
1218,32,nao especificado ,ricardo ,2023-10-04 10:25:51,20,2023-10-04 10:25:51,0,0
1219,32,nao especificado ,Ricardo,2023-10-04 10:26:23,20,2023-10-04 10:26:23,0,0
1221,32,nao especificado ,bruna,2023-10-04 10:51:40,0,2023-10-04 10:51:40,0,0
1223,32,nao consegue imprimir ,Não informado,2023-10-04 11:27:50,0,2023-10-04 11:27:50,0,0
1224,32,nao especificado ,Não informado,2023-10-05 09:51:09,0,2023-10-05 09:51:09,0,0
1227,32,pc com problema ,Não informado,2023-10-05 11:39:05,21,2023-10-05 11:39:05,0,0
1229,32,nao especificado ,bruna,2023-10-05 11:54:27,0,2023-10-05 11:54:27,0,0
1230,32,pc nao esta no sistema ,manuela ,2023-10-05 12:04:38,21,2023-10-05 12:04:38,0,0
1232,32,pc nao funciona ,Não informado,2023-10-06 09:00:58,0,2023-10-06 09:00:58,0,0
1233,32,nao especificado ,Carol ,2023-10-06 09:06:27,0,2023-10-06 09:06:27,0,0
1234,32,site  com problema ,Não informado,2023-10-06 10:00:09,0,2023-10-06 10:00:09,0,0
1235,28,Pegar ip ,Silva ,2022-11-01 08:00:00,0,2023-10-06 14:12:30,0,0
1236,32,pc nao tem acesso a rede ,Rubens ,2022-11-01 08:00:00,0,2023-10-09 08:45:56,0,0
1237,32,nao tem acesso ao email ,estagiaria ,2023-10-09 09:08:48,0,2023-10-09 09:08:48,0,0
1238,32,problema no pc ,Maisa ,2023-10-09 09:51:57,0,2023-10-09 09:51:57,0,0
1240,32,problema no pc ,Não informado,2023-10-09 11:21:44,0,2023-10-09 11:21:44,0,0
1242,32,pc ta pedindo senha ,gustavo ,2023-10-09 11:27:24,0,2023-10-09 11:27:24,0,0
1243,35,Pc não da video,Evaldo,2023-10-10 08:11:37,66,2023-10-10 08:11:37,0,0
1245,32,nao consegue acessar o pc ,flavio ,2023-10-10 08:39:46,0,2023-10-10 08:39:46,0,0
1247,32,tela azul ,51,2023-10-10 08:48:44,0,2023-10-10 08:48:44,0,0
1250,32,sem internet no pc ,pedro ,2022-11-01 08:00:00,0,2023-10-10 11:14:37,0,0
1251,32,pc com problema ,Lionise,2023-10-10 11:16:21,0,2023-10-10 11:16:21,0,0
1252,35,Não consegue achar arquivo,Flávio,2023-10-11 08:30:32,0,2023-10-11 08:30:32,0,0
1254,32,pc da Dani nao liga,wagner ,2023-10-11 09:49:15,0,2023-10-11 09:49:15,0,0
1255,35,Pc não dá vídeo ,Mariana,2023-10-13 08:59:07,0,2023-10-13 08:59:07,0,0
1256,32, sem internet ,Não informado,2023-10-13 09:05:48,0,2023-10-13 09:05:48,0,0
1257,32,Não consegue imprimir ,Não informado,2023-10-13 09:18:41,0,2023-10-13 09:18:41,0,0
1259,35,Não consegue entrar no usuário,Marielle ,2022-11-01 08:00:00,33,2023-10-16 08:10:53,0,0
1260,32,nao especificado ,Não informado,2023-10-16 08:28:54,0,2023-10-16 08:28:54,0,0
1261,32,nao especificado ,Não informado,2023-10-16 08:28:55,0,2023-10-16 08:28:55,0,0
1265,32,nao consegue acessar um servidor ,milton ,2023-10-16 08:41:02,23,2023-10-16 08:41:02,0,0
1266,32,problema na impressora ,Não informado,2023-10-16 08:44:02,0,2023-10-16 08:44:02,0,0
1267,32,problema na impressora ,Não informado,2023-10-16 08:44:03,0,2023-10-16 08:44:03,0,0
1268,32,nao envia pra imprimir ,pedro ,2023-10-16 08:44:40,0,2023-10-16 08:44:40,0,0
1272,32,computador nao liga ,Jussara ,2023-10-16 08:56:06,0,2023-10-16 08:56:06,0,0
1273,32,sem internet ,Não informado,2023-10-16 09:33:41,0,2023-10-16 09:33:41,0,0
1274,32,sem internet ,Não informado,2023-10-16 09:33:42,0,2023-10-16 09:33:42,0,0
1275,32,computador sem internet ,Não informado,2023-10-16 09:34:38,0,2023-10-16 09:34:38,0,0
1277,32,Não consegue imprimir ,Não informado,2023-10-17 09:33:59,0,2023-10-17 09:33:59,0,0
1279,32,Tela azul ,Fabiola,2023-10-18 08:29:06,0,2023-10-18 08:29:06,0,0
1282,32,nao especificado ,Daiane ,2023-10-18 09:14:08,0,2023-10-18 09:14:08,0,0
1285,32,pc não liga ,Yasmin ,2023-10-18 10:38:05,0,2023-10-18 10:38:05,0,0
1287,32,não especifcado ,Não informado,2023-10-18 11:07:38,0,2023-10-18 11:07:38,0,0
1289,32,pc não liga ,Não informado,2023-10-19 08:41:22,67,2023-10-19 08:41:22,0,0
1291,32,pc não ta ligando ,Tania,2023-10-19 10:13:19,21,2023-10-19 10:13:19,0,0
1292,32,nao conseguem imprimir ,Não informado,2023-10-19 10:27:46,0,2023-10-19 10:27:46,0,0
1294,32,instalar impressora no pc,rose,2023-10-19 11:16:01,0,2023-10-19 11:16:01,0,0
1295,22,Sem internet ,N/a,2023-10-20 00:00:00,0,2023-10-19 12:03:29,0,0
1296,35,Configurar impressora,Não informado,2023-10-20 09:43:26,7,2023-10-20 09:43:26,0,0
1298,32,Alguns PCs estão sem acesso ao site da 30,Walter,2022-11-01 08:00:00,23,2023-10-20 10:31:48,0,0
1300,32,não consegue acessar site federal,Nalber,2023-10-23 09:22:30,0,2023-10-23 09:22:30,0,0
1302,32,não especificado ,Gean,2023-10-23 10:14:24,4,2023-10-23 10:14:24,0,0
1303,32,scanner nao funciona ,Carla,2023-10-23 10:43:20,0,2023-10-23 10:43:20,0,0
1305,32,alguns pcs sem internet ,pedro,2023-10-23 10:52:57,47,2023-10-23 10:52:57,0,0
1306,22,Fonte Fazendo Barulho trocar,VALDIR,2023-10-23 14:10:23,0,2023-10-23 14:10:23,0,0
1309,32,problema na data e hora ,Tania,2023-10-24 08:36:49,21,2023-10-24 08:36:49,0,0
1310,32,DataShow 58,Jaqueline,2022-11-01 08:00:00,10,2023-10-25 08:24:51,0,0
1312,32,arrumar data e hora do pc,Mariele,2023-10-25 09:58:34,33,2023-10-25 09:58:34,0,0
1314,32,pc nao liga,everaldo ,2023-10-25 10:06:42,0,2023-10-25 10:06:42,0,0
1316,32,impressora com contato ,ricardo,2023-10-25 10:38:17,45,2023-10-25 10:38:17,0,0
1317,32,instalar pc ,Não informado,2023-10-25 10:52:51,0,2023-10-25 10:52:51,0,0
1319,32,instalar o remumo,Tania,2022-11-01 08:00:00,21,2023-10-25 11:33:05,0,0
1320,32,"arrumar cabo de rede, pegar pc ",Não informado,2023-10-26 10:24:17,0,2023-10-26 10:24:17,0,0
1322,32,scanner nao funciona ,Rita,2023-10-26 10:46:07,4,2023-10-26 10:46:07,0,0
1324,32,opera não funciona ,Não informado,2023-10-27 08:41:51,36,2023-10-27 08:41:51,0,0
1326,32,pegar um pc estragado ,Não informado,2023-10-27 09:22:09,0,2023-10-27 09:22:09,0,0
1328,32,não tem internet ,Não informado,2023-10-27 10:38:07,0,2023-10-27 10:38:07,0,0
1330,32,pc não liga ,Mariele,2023-10-27 11:54:14,33,2023-10-27 11:54:14,0,0
1331,32,pc não ta imprimindo ,Não informado,2023-10-30 09:13:17,0,2023-10-30 09:13:17,0,0
1332,32,problema em envio de documento ,DR eduardo ,2023-10-30 10:00:46,0,2023-10-30 10:00:46,0,0
1333,32,pc não ta abrindo,Tania,2023-10-30 10:18:25,21,2023-10-30 10:18:25,0,0
1334,32,não consegue imprimir ,Tania,2023-10-31 08:33:49,20,2023-10-31 08:33:49,0,0
1335,32,pc sem internet ,Não informado,2023-10-31 08:45:16,0,2023-10-31 08:45:16,0,0
1336,32,problema no aplicativo ,luciana,2023-10-31 09:04:21,0,2023-10-31 09:04:21,0,0
1337,32,não especificado ,Jaqueline,2023-10-31 09:29:41,0,2023-10-31 09:29:41,0,0
1338,32,pc não liga ,Não informado,2023-11-01 08:18:36,0,2023-11-01 08:18:36,0,0
1340,32,fazer uma ponteira ,ricardo,2023-11-01 09:29:11,47,2023-11-01 09:29:11,0,0
1342,32,pc sem rede,Não informado,2023-11-01 10:20:32,34,2023-11-01 10:20:32,0,0
1344,32,não especificado ,Bruna,2023-11-01 11:33:06,0,2023-11-01 11:33:06,0,0
1346,32,pc sem rede ,ricardo ,2022-11-01 08:00:00,47,2023-11-06 08:34:36,0,0
1348,32,desbloquear um pc ,Não informado,2023-11-06 08:36:00,17,2023-11-06 08:36:00,0,0
1349,32,problema com a internet ,Matheus,2023-11-06 08:40:15,29,2023-11-06 08:40:15,0,0
1351,32,pc com data errada ,Mariele,2023-11-06 08:41:21,33,2023-11-06 08:41:21,0,0
1353,32,pc sem acesso ,Natali ,2022-11-01 08:00:00,0,2023-11-06 08:47:25,0,0
1355,32,pc pegou fogo ,Fabiula ,2023-11-06 08:55:53,8,2023-11-06 08:55:53,0,0
1356,32,nao consegue acessar banco do brasil e T.P,Liliane ,2023-11-06 09:13:05,0,2023-11-06 09:13:05,0,0
1357,32,pc sem acesso ,Natali ,2023-11-06 09:16:58,0,2023-11-06 09:16:58,0,0
1358,15,Encontar usuário do pc,Neto,2023-11-06 09:20:46,4,2023-11-06 09:20:46,0,0
1361,32,pc e impressora não funcionam ,Não informado,2023-11-06 09:40:19,21,2023-11-06 09:40:19,0,0
1362,15,PLACA De REDE,Mulher,2022-11-01 08:00:00,0,2023-11-06 09:40:56,0,0
1363,32,não consegue acessar o pc,fanti ,2023-11-06 09:42:29,28,2023-11-06 09:42:29,0,0
1366,32,sem rede ,Vera ,2023-11-06 11:07:58,34,2023-11-06 11:07:58,0,0
1367,32,sem sistema ,roseli ,2023-11-06 11:08:34,0,2023-11-06 11:08:34,0,0
1369,32,nao consegue fazer a assinatura digital ,Marcelo ,2023-11-06 11:37:36,0,2023-11-06 11:37:36,0,0
1370,32,pegar pc ,Não informado,2023-11-06 11:37:59,0,2023-11-06 11:37:59,0,0
1371,15,Salvar arquivos,Não informado,2023-11-06 12:33:17,16,2023-11-06 12:33:17,0,0
1373,32,pc so fica carregando ,Gustavo ,2023-11-07 09:51:21,16,2023-11-07 09:51:21,0,0
1374,32,pc so fica carregando ,Gustavo ,2023-11-07 10:00:20,16,2023-11-07 10:00:20,0,0
1376,32,scanner com problema,Gean,2023-11-07 11:44:06,4,2023-11-07 11:44:06,0,0
1377,32,scanner nao funciona ,Gean,2023-11-07 11:45:33,4,2023-11-07 11:45:33,0,0
1378,32,scanner com problema,Gean,2023-11-07 11:55:41,0,2023-11-07 11:55:41,0,0
1379,32,instalar o office  ,Fabiula ,2023-11-08 08:45:49,8,2023-11-08 08:45:49,0,0
1380,32,não especificado ,Maiza,2023-11-08 10:37:38,0,2023-11-08 10:37:38,0,0
1381,32,não especificado ,rose ,2023-11-08 11:57:25,0,2023-11-08 11:57:25,0,0
1384,32,localizar uma pasta ,Gilmar ,2023-11-09 08:52:28,0,2023-11-09 08:52:28,0,0
1385,32,sem internet ,Não informado,2023-11-09 08:56:21,49,2023-11-09 08:56:21,0,0
1386,32,pc não liga,Maiza,2023-11-09 09:45:19,53,2023-11-09 09:45:19,0,0
1387,32,arrumar o cabo ,flavio ,2023-11-09 10:34:06,0,2023-11-09 10:34:06,0,0
1388,32,sem internet ,Não informado,2023-11-09 10:53:26,0,2023-11-09 10:53:26,0,0
1390,32,habilitar o word,Gean,2023-11-09 11:13:58,0,2023-11-09 11:13:58,0,0
1394,32,sem acesso a rede ,julio ,2023-11-09 11:49:56,0,2023-11-09 11:49:56,0,0
1395,32,não especificado ,Não informado,2023-11-10 09:48:08,0,2023-11-10 09:48:08,0,0
1396,32,não consegue digitalizar (14:00),janete (14:00),2023-11-10 09:53:10,41,2023-11-10 09:53:10,0,0
1397,32,instalar pc ,Não informado,2023-11-10 10:40:04,46,2023-11-10 10:40:04,0,0
1400,32,arrumar o Word ,ricardo,2023-11-10 11:47:56,17,2023-11-10 11:47:56,0,0
1402,32,configurar o roteador,Não informado,2023-11-13 08:18:05,0,2023-11-13 08:18:05,0,0
1405,32,não especificado ,Fabiula ,2023-11-13 08:31:11,0,2023-11-13 08:31:11,0,0
1406,32,ligar o ponto ,cristina ,2023-11-13 08:32:32,36,2023-11-13 08:32:32,0,0
1407,32,sem internet no pc,Mariana,2022-11-01 08:00:00,49,2023-11-13 08:33:37,0,0
1408,32,pc não liga ,Cristiane ,2023-11-13 08:39:14,29,2023-11-13 08:39:14,0,0
1410,32,não especificado ,pedro,2023-11-13 10:11:06,0,2023-11-13 10:11:06,0,0
1411,15,teste,eu,2023-11-14 00:11:06,0,2023-11-14 00:11:06,0,0
1412,32,impressora parou ,Cristiane ,2023-11-14 08:41:58,29,2023-11-14 08:41:58,0,0
1413,32,não especificado ,Não informado,2023-11-14 08:46:49,0,2023-11-14 08:46:49,0,0
1415,32,mensagem de antivírus e não responde aos processos ,Dr.Marcelo ,2023-11-14 09:03:07,35,2023-11-14 09:03:07,0,0
1418,32,não consegue salvar arquivo em pdf,cristina ,2022-11-01 08:00:00,36,2023-11-14 11:48:09,0,0
1419,32,pc sem rede,Dr.Marcelo ,2022-11-01 08:00:00,35,2023-11-14 11:48:42,0,0
1421,32,windows  não inicia ,sandra,2023-11-16 08:29:33,28,2023-11-16 08:29:33,0,0
1423,32,não consegue acessar o email ,Tania,2023-11-16 10:01:13,21,2023-11-16 10:01:13,0,0
1426,32,não consegue salvar arquivo em pdf,cristina ,2023-11-16 10:57:57,36,2023-11-16 10:57:57,0,0
1427,32,"não consegue acessar, senha incorreta ",Não informado,2023-11-16 11:18:26,33,2023-11-16 11:18:26,0,0
1429,32,pc não liga ,pereira ,2023-11-17 09:21:25,0,2023-11-17 09:21:25,0,0
1430,32,montar monitor ,fanti ,2023-11-17 09:39:01,28,2023-11-17 09:39:01,0,0
1432,32,pc dando senha incorreta ,Mariele,2023-11-17 10:27:27,33,2023-11-17 10:27:27,0,0
1433,32,não especificado ,DR.Nathali,2023-11-17 10:43:36,0,2023-11-17 10:43:36,0,0
1435,32,pc não liga ,Não informado,2023-11-20 08:15:05,27,2023-11-20 08:15:05,0,0
1437,32,máquina sem office ,janete ,2023-11-20 10:14:48,0,2023-11-20 10:14:48,0,0
1439,32,pc não liga ,Não informado,2023-11-20 10:23:47,32,2023-11-20 10:23:47,0,0
1443,32,arrumar scanner ,jorge ,2023-11-21 08:23:57,0,2023-11-21 08:23:57,0,0
1446,32,não especificado ,Gilmar ,2023-11-21 08:32:12,0,2023-11-21 08:32:12,0,0
1447,32,pedindo senha de rede,Mariele,2023-11-21 08:40:59,33,2023-11-21 08:40:59,0,0
1449,32,cadastrar no scan ,Não informado,2023-11-21 09:20:00,34,2023-11-21 09:20:00,0,0
1450,32,buscar um pc queimado ,Maiza,2023-11-21 09:41:42,0,2023-11-21 09:41:42,0,0
1452,32,não consegue acessar o pc,Gilmar ,2023-11-21 10:07:15,0,2023-11-21 10:07:15,0,0
1453,32,"não consegue acessar arquivo, problema com resolução ",Não informado,2023-11-21 10:59:35,0,2023-11-21 10:59:35,0,0
1455,32,saber sobre um roteador ,rosa ,2022-11-01 08:00:00,0,2023-11-21 11:29:16,0,0
1456,32,sem rede ,Bruna,2023-11-21 11:39:16,0,2023-11-21 11:39:16,0,0
1460,32,anotar um email ,Tania,2023-11-22 08:30:27,21,2023-11-22 08:30:27,0,0
1461,32,modo de segurança ,cristiano ,2022-11-01 08:00:00,28,2023-11-22 08:30:55,0,0
1462,32,pc sem rede ,Tania,2023-11-22 08:38:23,21,2023-11-22 08:38:23,0,0
1463,32,planilha com problema ,pamela ,2023-11-22 08:40:37,29,2023-11-22 08:40:37,0,0
1464,32,problema no A.R,Não informado,2023-11-22 09:10:27,21,2023-11-22 09:10:27,0,0
1466,32,scanner com problema,Vera ,2023-11-22 09:43:39,34,2023-11-22 09:43:39,0,0
1467,32, truster do Banrisul não abre ,Walter,2023-11-22 09:44:15,29,2023-11-22 09:44:15,0,0
1469,32,não especificado ,milton ,2023-11-22 10:52:34,0,2023-11-22 10:52:34,0,0
1471,32,pc não funciona,nilo ,2023-11-22 11:04:41,0,2023-11-22 11:04:41,0,0
1472,32,não especificado ,Não informado,2023-11-23 09:15:23,0,2023-11-23 09:15:23,0,0
1473,32,instalar um programa 14:30,edson ,2023-11-23 09:51:47,41,2023-11-23 09:51:47,0,0
1475,32,impressora não imprime ,juliana ,2023-11-23 10:23:46,28,2023-11-23 10:23:46,0,0
1477,32,não consegue imprimir frente e verso ,Fabiula ,2023-11-23 10:50:19,0,2023-11-23 10:50:19,0,0
1479,32,arrumar o scanner ,jorge ,2023-11-23 11:11:32,34,2023-11-23 11:11:32,0,0
1481,32,monitor não liga ,anderson ,2023-11-23 11:55:21,0,2023-11-23 11:55:21,0,0
1483,32,instalar 2  pc ,Não informado,2023-11-24 08:54:16,0,2023-11-24 08:54:16,0,0
1484,32,arrumar o scanner ,jorge ,2023-11-24 08:59:28,34,2023-11-24 08:59:28,0,0
1486,32,pegar pc pra arrumar e instalar impressora ,cida,2023-11-24 09:03:37,0,2023-11-24 09:03:37,0,0
1487,32,instalar pc ,Não informado,2023-11-24 09:04:02,0,2023-11-24 09:04:02,0,0
1488,32,pc não funciona,mariel,2023-11-24 09:57:00,0,2023-11-24 09:57:00,0,0
1490,32,pc com bios aberta ,Fabiula ,2023-11-24 10:10:11,0,2023-11-24 10:10:11,0,0
1492,32,antivírus ,rose,2023-11-24 10:18:26,0,2023-11-24 10:18:26,0,0
1493,32,não especificado ,Não informado,2023-11-24 10:18:45,0,2023-11-24 10:18:45,0,0
1495,32,montar pc,Fabiula ,2023-11-27 08:24:11,0,2023-11-27 08:24:11,0,0
1498,32,sem internet ,Não informado,2023-11-27 08:36:41,0,2023-11-27 08:36:41,0,0
1499,32,sem internet ,Não informado,2023-11-27 08:41:17,0,2023-11-27 08:41:17,0,0
1500,32,sem internet ,Não informado,2023-11-27 09:00:03,0,2023-11-27 09:00:03,0,0
1502,32,sem internet ,maicon ,2023-11-27 11:12:25,0,2023-11-27 11:12:25,0,0
1504,32, impressora não imprime,cacaio,2023-11-28 08:37:26,0,2023-11-28 08:37:26,0,0
1506,32,não especificado ,maristela,2023-11-28 09:52:10,0,2023-11-28 09:52:10,0,0
1508,32,ativar office ,carol,2023-11-28 11:17:44,0,2023-11-28 11:17:44,0,0
1509,22,Não consegue scanear,Fabiula,2023-11-28 13:01:50,8,2023-11-28 13:01:50,0,0
1511,32,não consegue imprimir ,Priscila,2023-11-29 08:14:30,0,2023-11-29 08:14:30,0,0
1513,32,instalar um programa ,milton ,2023-11-29 08:57:30,0,2023-11-29 08:57:30,0,0
1514,32,sem rede,maria luisa ,2023-11-29 10:13:45,0,2023-11-29 10:13:45,0,0
1515,32,O meu truster do Banrisul não abre ,Walter,2023-11-29 10:45:03,29,2023-11-29 10:45:03,0,0
1517,32,pc se desligou ,william ,2023-11-29 10:48:58,57,2023-11-29 10:48:58,0,0
1519,32,sem internet no pc,Maiza,2023-11-30 08:18:10,0,2023-11-30 08:18:10,0,0
1521,32,sem internet ,eclima ,2023-11-30 09:30:13,0,2023-11-30 09:30:13,0,0
1522,32,sem office ,deisy,2023-11-30 09:30:46,0,2023-11-30 09:30:46,0,0
1524,32,senha no pc ,Daiane ,2023-12-01 08:24:45,0,2023-12-01 08:24:45,0,0
1526,32,arrumar pc ,Não informado,2023-12-01 09:12:47,0,2023-12-01 09:12:47,0,0
1527,32,pc sem internet ,milton ,2023-12-01 09:13:19,23,2023-12-01 09:13:19,0,0
1529,32,sem rede ,Hamilton ,2023-12-01 09:36:21,0,2023-12-01 09:36:21,0,0
1530,32,sem internet ,Não informado,2023-12-01 09:44:51,0,2023-12-01 09:44:51,0,0
1532,32,pc não inicia ,elton,2023-12-04 08:22:35,57,2023-12-04 08:22:35,0,0
1533,32,pc não inicia ,elton,2023-12-04 08:22:36,57,2023-12-04 08:22:36,0,0
1537,32,"antivírus, não consegue minimizar a tela ",sincler ,2023-12-04 09:26:30,27,2023-12-04 09:26:30,0,0
1538,32,sem acesso aos bancos,sandra,2023-12-04 09:55:41,28,2023-12-04 09:55:41,0,0
1540,32,problema no scanner ,milton ,2023-12-04 11:05:31,23,2023-12-04 11:05:31,0,0
1541,15,Reunião,Ecilma,2023-12-05 07:56:49,0,2023-12-05 07:56:49,0,0
1543,32,pc não liga ,rafael ,2023-12-05 08:43:26,21,2023-12-05 08:43:26,0,0
1545,32,não consegue acessar o A.R,Fatima ,2023-12-06 08:19:12,24,2023-12-06 08:19:12,0,0
1548,32,pc pedindo senha ,rose,2023-12-06 09:06:03,0,2023-12-06 09:06:03,0,0
1551,32,não consegue acessar o pc,janine,2023-12-06 09:44:37,0,2023-12-06 09:44:37,0,0
1553,32,arruma impressora ,claudio ,2023-12-06 09:52:30,0,2023-12-06 09:52:30,0,0
1555,32,pc queimado ,ricardo ,2023-12-06 10:34:16,47,2023-12-06 10:34:16,0,0
1557,32,"pc não liga, pc reiniciando ",Tania,2023-12-07 08:24:04,21,2023-12-07 08:24:04,0,0
1560,32,problema no A.R,Tania,2022-11-01 08:00:00,24,2023-12-07 09:29:41,0,0
1561,32,pc não liga ,cristian,2023-12-07 09:36:58,28,2023-12-07 09:36:58,0,0
1564,32,instalar impressora no pc,elton,2023-12-07 10:17:03,0,2023-12-07 10:17:03,0,0
1565,32,pc não esta respondendo ,osvaldo ,2023-12-07 10:17:52,0,2023-12-07 10:17:52,0,0
1566,32,arrumar diretorio ,irton ,2023-12-07 10:36:15,28,2023-12-07 10:36:15,0,0
1568,32,não especificado ,mateus ,2023-12-07 10:56:19,29,2023-12-07 10:56:19,0,0
1570,32,sem internet ,Najyla,2023-12-07 11:09:17,0,2023-12-07 11:09:17,0,0
1574,32,pc não liga ,Icaro,2023-12-08 08:35:12,0,2023-12-08 08:35:12,0,0
1577,32,trocar pc ,Daiane ,2023-12-08 08:43:10,0,2023-12-08 08:43:10,0,0
1580,32,configurar impressora ,rose ,2023-12-08 08:47:59,0,2023-12-08 08:47:59,0,0
1581,32,não consegue acessar o LCPE,Fabiula ,2023-12-08 08:48:50,0,2023-12-08 08:48:50,0,0
1583,32,não consegue acessar o email ,osvaldo ,2023-12-08 09:25:13,0,2023-12-08 09:25:13,0,0
1585,32,não consegue acessar o banco,felipe ,2023-12-08 10:29:02,27,2023-12-08 10:29:02,0,0
1586,32,não sabe a senha do pc ,Everaldo ,2023-12-08 11:56:08,0,2023-12-08 11:56:08,0,0
1588,32,trocar a ponteira da internet ,Gilmar ,2022-11-01 08:00:00,0,2023-12-11 08:34:40,0,0
1589,32,problema no pc ,estagiaria ,2023-12-11 08:35:18,0,2023-12-11 08:35:18,0,0
1590,32,sem internet ,Najyla,2023-12-11 09:16:15,0,2023-12-11 09:16:15,0,0
1592,32,sem rede,secretaria pamela,2023-12-11 09:52:45,0,2023-12-11 09:52:45,0,0
1593,32,sem acesso ao sistema de licitações ,bruno ,2023-12-11 10:22:02,0,2023-12-11 10:22:02,0,0
1594,32,sem acesso ao sistema de licitações ,bruno ,2023-12-11 11:51:40,0,2023-12-11 11:51:40,0,0
1595,32,instalar pc ,pedro ,2023-12-12 08:50:49,0,2023-12-12 08:50:49,0,0
1597,32,não consegue acessar o caminho de rede ,joão inacio ,2023-12-12 09:00:07,32,2023-12-12 09:00:07,0,0
1598,32,sem internet ,Najyla,2023-12-12 09:33:49,0,2023-12-12 09:33:49,0,0
1599,32,arrumar o scanner ,Não informado,2023-12-12 09:50:11,0,2023-12-12 09:50:11,0,0
1601,32,não especificado ,DR. gean ,2023-12-13 08:52:54,0,2023-12-13 08:52:54,0,0
1602,32,não especificado ,DR. gean ,2023-12-13 09:05:32,0,2023-12-13 09:05:32,0,0
1603,32,não especificado ,Daiane ,2023-12-13 09:18:37,0,2023-12-13 09:18:37,0,0
1605,32,pc não liga ,Não informado,2023-12-13 09:35:46,0,2023-12-13 09:35:46,0,0
1606,32,pc se desligando ,estagiaria ,2023-12-13 09:36:06,0,2023-12-13 09:36:06,0,0
1607,32,sem internet ,Não informado,2023-12-13 10:15:19,0,2023-12-13 10:15:19,0,0
1609,32,pc com tela preta ,tania ,2023-12-14 08:57:05,21,2023-12-14 08:57:05,0,0
1611,32,não especificado ,milton ,2023-12-14 10:07:57,23,2023-12-14 10:07:57,0,0
1613,32,não consegue abrir um documento ,Fabiula ,2023-12-14 10:48:29,0,2023-12-14 10:48:29,0,0
1614,32,problema na impressora ,estagiario ,2023-12-15 08:24:51,21,2023-12-15 08:24:51,0,0
1616,32,trocar pc para outro estabilizador ,luana ,2023-12-15 09:04:29,26,2023-12-15 09:04:29,0,0
1618,32,pc parou ,luana ,2023-12-15 09:37:07,0,2023-12-15 09:37:07,0,0
1619,32,atualizar o truster ,Walter,2023-12-15 09:50:21,29,2023-12-15 09:50:21,0,0
1620,32,passar documentos para pen drives,Não informado,2022-11-01 08:00:00,0,2023-12-15 10:01:43,0,0
1622,32,instalar computadores ,Não informado,2023-12-15 10:14:10,0,2023-12-15 10:14:10,0,0
1625,32,tela não liga ,Carol,2023-12-18 08:25:14,0,2023-12-18 08:25:14,0,0
1627,32,não especificado ,anderson ,2023-12-18 08:33:12,0,2023-12-18 08:33:12,0,0
1629,32,molhou os equipamentos da ávato,Não informado,2023-12-18 09:55:32,0,2023-12-18 09:55:32,0,0
1633,32,abre audio e HD,Não informado,2022-11-01 08:00:00,33,2023-12-18 11:27:12,0,0
1634,32,pc fica se desligando ,DR. gean ,2023-12-18 11:27:55,0,2023-12-18 11:27:55,0,0
1636,32,pegar pc da thais ,Luana,2023-12-18 11:45:23,0,2023-12-18 11:45:23,0,0
1638,32,corrigir o horário ,felipe ,2023-12-19 09:16:39,27,2023-12-19 09:16:39,0,0
1639,32,organizar equipamentos para reunião ,Jaqueline,2023-12-19 10:27:40,0,2023-12-19 10:27:40,0,0
1642,32,pc não funciona ,Fabio ,2023-12-20 08:35:42,0,2023-12-20 08:35:42,0,0
1644,32,sem acesso aos sites de requerimento ,Tania,2023-12-21 08:46:57,21,2023-12-21 08:46:57,0,0
1646,32,instalar o modem ,Bruna,2023-12-21 09:44:33,19,2023-12-21 09:44:33,0,0
1648,32,arrumar o cabo de rede ,Manuela,2023-12-21 10:51:47,21,2023-12-21 10:51:47,0,0
1649,32,ajudar companhia das copias ,Não informado,2023-12-21 11:00:14,0,2023-12-21 11:00:14,0,0
1651,32,pc com contato ,João,2023-12-21 11:25:44,0,2023-12-21 11:25:44,0,0
1653,32,pc sem internet ,estagiario ,2023-12-22 08:27:30,0,2023-12-22 08:27:30,0,0
1656,32,pc não funciona ,cadine ,2023-12-22 09:48:18,21,2023-12-22 09:48:18,0,0
1658,32,cabo de rede com problema ,Manuela,2023-12-22 10:36:48,21,2023-12-22 10:36:48,0,0
1659,32,não especificado ,Nilo ,2023-12-22 10:39:06,0,2023-12-22 10:39:06,0,0
1661,32,Problema com PCs anistia ,Tania,2023-12-26 09:01:53,21,2023-12-26 09:01:53,0,0
1662,32,excel com problema ,Tania,2023-12-26 09:26:36,21,2023-12-26 09:26:36,0,0
1664,32,trocar teclado ,Tania,2023-12-27 09:05:29,21,2023-12-27 09:05:29,0,0
1665,32,não especificado ,Não informado,2023-12-27 09:58:40,0,2023-12-27 09:58:40,0,0
1668,32,instalar pc ,nilo,2023-12-28 09:52:24,0,2023-12-28 09:52:24,0,0
1669,32,pc não liga ,Cleber ,2023-12-28 09:53:29,35,2023-12-28 09:53:29,0,0
1670,32,impressora não imprime ,Vanessa ,2023-12-28 09:54:00,29,2023-12-28 09:54:00,0,0
1671,32,site não abre ,Hamilton ,2023-12-28 11:19:21,0,2023-12-28 11:19:21,0,0
1673,32,pc não liga ,Nilo ,2023-12-29 09:26:59,0,2023-12-29 09:26:59,0,0
1674,32,cancelar impressão ,Não informado,2024-01-02 08:13:11,26,2024-01-02 08:13:11,0,0
1677,32,pc não liga ,Adriana ,2024-01-02 08:36:02,0,2024-01-02 08:36:02,0,0
1678,32,sem acesso ao pc ,gabrieli,2024-01-02 08:36:29,0,2024-01-02 08:36:29,0,0
1680,32,pc não liga ,Jauri,2024-01-02 09:40:00,0,2024-01-02 09:40:00,0,0
1681,32,pc se desligou ,rose,2024-01-02 11:27:04,0,2024-01-02 11:27:04,0,0
1682,32,configurar impressora ,Daiane ,2024-01-03 09:17:20,0,2024-01-03 09:17:20,0,0
1684,32,mensagens de atualização ,everton ,2024-01-03 09:20:14,0,2024-01-03 09:20:14,0,0
1685,32,configurar imagens ,Não informado,2024-01-03 09:50:25,0,2024-01-03 09:50:25,0,0
1686,32,não especificado ,Não informado,2024-01-03 10:13:09,49,2024-01-03 10:13:09,0,0
1687,22,N/S,Bruno,2024-01-03 13:16:30,8,2024-01-03 13:16:30,0,0
1688,22,Não sabe,Barbara,2024-01-03 13:17:06,34,2024-01-03 13:17:06,0,0
1690,32,impressora não imprime e scanner não funciona ,ricardo ,2024-01-04 08:25:02,45,2024-01-04 08:25:02,0,0
1692,32,sem acesso ao pc ,graciela ,2024-01-04 09:09:56,28,2024-01-04 09:09:56,0,0
1694,32,monitor  não liga ,Ana,2024-01-04 09:53:23,0,2024-01-04 09:53:23,0,0
1696,32,sem acesso a planilha ,Vanessa ,2024-01-04 10:14:19,29,2024-01-04 10:14:19,0,0
1697,32,sem acesso ao gov ,irton ,2024-01-04 10:14:51,29,2024-01-04 10:14:51,0,0
1699,32,não especificado ,julio ,2024-01-04 11:16:48,0,2024-01-04 11:16:48,0,0
1701,32,botão do pc não funciona ,Não informado,2024-01-05 08:25:58,36,2024-01-05 08:25:58,0,0
1703,32,pc não liga ,ricardo ,2024-01-05 08:53:11,21,2024-01-05 08:53:11,0,0
1704,32,pc não liga ,ricardo ,2024-01-05 09:00:23,21,2024-01-05 09:00:23,0,0
1705,32,arrumar equipamentos ,Jaqueline,2024-01-05 10:20:45,0,2024-01-05 10:20:45,0,0
1708,32,pc não liga ,DR. Alice,2024-01-08 09:12:23,0,2024-01-08 09:12:23,0,0
1710,32,configurar impressora ,Gisele ,2024-01-08 09:37:36,0,2024-01-08 09:37:36,0,0
1712,32,montar pc ,Ana,2024-01-08 09:58:26,0,2024-01-08 09:58:26,0,0
1714,32,pc não liga ,cejane ,2024-01-08 10:50:27,0,2024-01-08 10:50:27,0,0
1718,32,pc não liga ,Não informado,2024-01-09 08:17:50,0,2024-01-09 08:17:50,0,0
1720,32,"mudar pc de lugar, e pc sem rede ",DR. gean ,2024-01-09 08:43:05,0,2024-01-09 08:43:05,0,0
1721,32,grifar internet ,edson ,2024-01-09 09:33:33,0,2024-01-09 09:33:33,0,0
1725,32,pc não liga ,Ana,2024-01-09 10:57:02,0,2024-01-09 10:57:02,0,0
1728,32,instalar impressora e scanner ,Gean,2024-01-09 11:57:52,0,2024-01-09 11:57:52,0,0
1729,32,sem rede ,Não informado,2024-01-10 08:17:44,35,2024-01-10 08:17:44,0,0
1731,32,pc não liga ,Najyla,2024-01-10 08:18:54,0,2024-01-10 08:18:54,0,0
1733,32,sem rede ,Não informado,2024-01-10 09:00:12,0,2024-01-10 09:00:12,0,0
1735,32,não especificado ,luciano,2024-01-10 11:08:02,0,2024-01-10 11:08:02,0,0
1737,15,Pc não liga,Não informado,2024-01-11 09:10:45,0,2024-01-11 09:10:45,0,0
1740,32,configurar pc para digitalizar ,jorge ,2024-01-11 09:12:47,0,2024-01-11 09:12:47,0,0
1741,32,não consegue acessar a rede ,Eduardo ,2024-01-11 09:13:56,0,2024-01-11 09:13:56,0,0
1743,32,pc não liga,flavio ,2024-01-12 08:13:03,0,2024-01-12 08:13:03,0,0
1745,32,pc se desligando ,isabel ,2024-01-12 08:21:28,0,2024-01-12 08:21:28,0,0
1748,32,arrumar usuario,Não informado,2022-11-01 08:00:00,0,2024-01-12 08:38:50,0,0
1749,32,problema com pasta compartilhada ,Mariana,2024-01-12 08:57:15,49,2024-01-12 08:57:15,0,0
1751,32,pc não liga ,isabel,2024-01-12 08:58:20,0,2024-01-12 08:58:20,0,0
1752,32,pc não liga ,valeria ,2024-01-12 09:53:26,28,2024-01-12 09:53:26,0,0
1753,32,pc não liga ,valeria ,2024-01-12 10:04:27,28,2024-01-12 10:04:27,0,0
1756,32,"sem internet, não consegue abrir arquivos",rubens ,2024-01-15 08:46:03,0,2024-01-15 08:46:03,0,0
1757,32,arrumar a hora do pc ,Não informado,2024-01-15 09:10:06,0,2024-01-15 09:10:06,0,0
1759,32,impressão saindo em miniatura ,cadine ,2024-01-15 09:31:54,21,2024-01-15 09:31:54,0,0
1761,32,não especificado ,Não informado,2024-01-15 10:04:23,0,2024-01-15 10:04:23,0,0
1762,32,impressora não imprime ,Najyla,2024-01-15 11:17:08,39,2024-01-15 11:17:08,0,0
1764,32,não especificado ,cleiton,2024-01-15 11:43:22,21,2024-01-15 11:43:22,0,0
1765,32,instalar certificado A1,Irton,2024-01-16 00:00:00,28,2024-01-15 17:40:59,0,0
1766,32,sem internet ,Daiane ,2024-01-16 08:25:41,0,2024-01-16 08:25:41,0,0
1768,32,pc não liga ,Ana P aula,2024-01-16 08:45:12,0,2024-01-16 08:45:12,0,0
1769,32,sem internet  ,Daiane ,2024-01-16 09:13:58,0,2024-01-16 09:13:58,0,0
1770,32,sem internet ,everaldo,2024-01-16 09:19:13,0,2024-01-16 09:19:13,0,0
1773,32,pc não liga ,51 valdir ,2024-01-16 10:55:09,10,2024-01-16 10:55:09,0,0
1774,32,não consegue imprimir ,graciela ,2024-01-16 11:32:33,28,2024-01-16 11:32:33,0,0
1775,34,nao consegue imprimir frente e verso,Secretaria Pamela (15:00),2024-01-16 13:05:56,51,2024-01-16 13:05:56,0,0
1776,35,Não especificado,Cida,2022-11-01 08:00:00,0,2024-01-16 15:12:25,0,0
1778,32,pc não liga ,fabricio,2024-01-17 08:52:53,28,2024-01-17 08:52:53,0,0
1779,32,instalar a impressora no pc,jauri,2024-01-17 10:16:49,16,2024-01-17 10:16:49,0,0
1780,32,instalar  impressora no pc ,Jauri,2024-01-17 10:17:51,16,2024-01-17 10:17:51,0,0
1781,32,não especificado ,Daiane ,2024-01-17 10:18:42,0,2024-01-17 10:18:42,0,0
1782,32,instalar pc ,Não informado,2024-01-17 11:04:35,0,2024-01-17 11:04:35,0,0
1783,32,não especificado ,Não informado,2024-01-17 11:05:11,25,2024-01-17 11:05:11,0,0
1784,32,mensagem do truester,Walter,2024-01-17 11:40:11,29,2024-01-17 11:40:11,0,0
1785,32,pc não liga ,maristela ,2024-01-17 11:47:53,0,2024-01-17 11:47:53,0,0
1786,32,baixar um app ,flavio ,2022-11-01 08:00:00,0,2024-01-18 08:21:25,0,0
1788,32,sem internet ,diego,2024-01-18 08:40:37,35,2024-01-18 08:40:37,0,0
1789,32,instalar app ,flavio ,2024-01-18 09:16:11,0,2024-01-18 09:16:11,0,0
1791,32,não imprime etiqueta ,estagiario ,2024-01-18 10:27:47,0,2024-01-18 10:27:47,0,0
1795,22,Não consegue acessar e-mail em alguns computadores,Crys,2024-01-18 13:27:31,29,2024-01-18 13:27:31,0,0
1796,32,Não consegui abrir nem o sistema nem os bancos,Cristiane ,2024-01-19 08:14:56,29,2024-01-19 08:14:56,0,0
1799,32,instalar pc ,cristina ,2024-01-19 09:10:55,0,2024-01-19 09:10:55,0,0
1800,32,pc se reiniciando ,silvia ,2024-01-19 09:15:31,28,2024-01-19 09:15:31,0,0
1804,32,sem internet ,maicon,2024-01-19 09:33:24,0,2024-01-19 09:33:24,0,0
1805,32,sem internet ,Não informado,2024-01-19 09:42:48,0,2024-01-19 09:42:48,0,0
1806,32,pc não liga ,Não informado,2024-01-19 09:52:32,0,2024-01-19 09:52:32,0,0
1807,32,programa não abre ,Não informado,2024-01-19 09:53:24,0,2024-01-19 09:53:24,0,0
1810,32,pc sem internet,Paola ,2024-01-19 10:48:05,0,2024-01-19 10:48:05,0,0
1813,32,trocar estabilizador ,william ,2022-11-01 08:00:00,0,2024-01-19 11:18:30,0,0
1814,32,não consegue acessar o banco,Cristiane ,2024-01-19 11:33:58,29,2024-01-19 11:33:58,0,0
1816,32,pedindo permissão de localização ,Carol,2024-01-22 09:19:04,0,2024-01-22 09:19:04,0,0
1818,32,pc sem rede ,estagiaria ,2024-01-22 09:22:26,0,2024-01-22 09:22:26,0,0
1819,32,pc não liga ,Não informado,2024-01-22 09:58:00,0,2024-01-22 09:58:00,0,0
1820,32,não especificado ,Não informado,2024-01-22 10:12:29,0,2024-01-22 10:12:29,0,0
1821,32,sem acesso ao banco,walter ,2024-01-22 10:28:44,29,2024-01-22 10:28:44,0,0
1823,32,impressora não imprime ,Ana,2024-01-22 11:24:38,13,2024-01-22 11:24:38,0,0
1825,32,impressora não imprime ,Ana,2024-01-23 08:52:23,0,2024-01-23 08:52:23,0,0
1826,32,pc´s não ligam ,Não informado,2024-01-23 09:04:05,0,2024-01-23 09:04:05,0,0
1827,34,trocar de rede,Não informado,2024-01-23 00:00:00,27,2024-01-23 13:11:17,0,0
1829,32,não consegue emitir OB,Cristiane ,2024-01-24 08:37:26,29,2024-01-24 08:37:26,0,0
1830,32,Pc não liga ,Estagiária ,2024-01-24 10:50:58,0,2024-01-24 10:50:58,0,0
1831,32,Pc oscilando ,Daiane ,2024-01-24 10:54:08,0,2024-01-24 10:54:08,0,0
1833,32,ligar pc ,carol,2024-01-25 08:25:18,0,2024-01-25 08:25:18,0,0
1834,32,emprestar notebook ,Não informado,2024-01-25 08:38:28,0,2024-01-25 08:38:28,0,0
1835,32,pc não liga ,Não informado,2024-01-25 09:45:34,25,2024-01-25 09:45:34,0,0
1837,32,hora desatualizada ,luiza ,2024-01-25 10:29:16,0,2024-01-25 10:29:16,0,0
1839,32,levar teclado ,cesar ,2024-01-25 10:38:53,0,2024-01-25 10:38:53,0,0
1841,32,pc não liga ,Olivia ,2024-01-25 10:58:59,28,2024-01-25 10:58:59,0,0
1844,32,senha do pc ,cejane ,2024-01-26 08:58:52,27,2024-01-26 08:58:52,0,0
1845,32,arrumar cooler ,Não informado,2024-01-26 09:02:26,0,2024-01-26 09:02:26,0,0
1846,32,colocar máquina na rede ,carol,2024-01-26 09:17:25,0,2024-01-26 09:17:25,0,0
1849,32,não tem acesso ao pc ,sidiney ,2024-02-01 08:43:23,0,2024-02-01 08:43:23,0,0
1850,32,pc não liga ,Cristiane ,2024-02-01 08:43:52,0,2024-02-01 08:43:52,0,0
1851,32,instalar pc ,Não informado,2024-02-01 08:44:41,0,2024-02-01 08:44:41,0,0
1854,32,pc sem rede ,estagiaria ,2024-02-01 09:09:58,0,2024-02-01 09:09:58,0,0
1855,32,trocar pc de lugar ,leonidas,2024-02-01 09:14:55,0,2024-02-01 09:14:55,0,0
1856,32,problema no sistema,Cristiane ,2024-02-01 09:29:13,29,2024-02-01 09:29:13,0,0
1857,32,não especificado ,Não informado,2024-02-01 10:02:20,0,2024-02-01 10:02:20,0,0
1858,32,Não funciona a tela ,dr bruna,2024-02-01 11:14:44,0,2024-02-01 11:14:44,0,0
1860,32,Instalar impressora ,Não informado,2024-02-02 09:39:42,0,2024-02-02 09:39:42,0,0
1861,32,Problema na segunda tela ,Dr.Bruna ,2024-02-02 10:08:57,0,2024-02-02 10:08:57,0,0
1863,32,não consegue acessar o A.R,cejane ,2024-02-05 08:34:34,27,2024-02-05 08:34:34,0,0
1865,32,pc não liga ,rose,2024-02-05 08:42:15,0,2024-02-05 08:42:15,0,0
1867,32,tela preta ,estagiaria ,2024-02-05 08:52:35,0,2024-02-05 08:52:35,0,0
1869,32,pasta sumiu ,Não informado,2024-02-05 09:20:40,69,2024-02-05 09:20:40,0,0
1871,32,pc não liga ,diretora ,2024-02-05 09:55:32,0,2024-02-05 09:55:32,0,0
1873,32,salvar arquivos na rede,Gean,2024-02-05 10:21:06,0,2024-02-05 10:21:06,0,0
1875,32,pc tela preta ,patricia ,2022-11-01 08:00:00,34,2024-02-05 10:41:04,0,0
1877,32,mapear rede ,claudia,2024-02-05 10:44:03,0,2024-02-05 10:44:03,0,0
1879,32,configurar impressora ,claudia,2024-02-05 11:40:16,0,2024-02-05 11:40:16,0,0
1881,32,pc não liga ,diretora ,2024-02-06 08:30:45,0,2024-02-06 08:30:45,0,0
1882,32,problema no not ,Daiane ,2022-11-01 08:00:00,0,2024-02-06 08:58:39,0,0
1883,32,sem ramal ,Cristiane ,2024-02-06 09:43:06,29,2024-02-06 09:43:06,0,0
1884,32,Não consegue abrir site ,jusara ,2024-02-06 11:38:59,22,2024-02-06 11:38:59,0,0
1886,32,impressora não liga ,cesar ,2024-02-07 08:43:22,0,2024-02-07 08:43:22,0,0
1888,32,sem internet ,carolina ,2024-02-07 08:51:40,0,2024-02-07 08:51:40,0,0
1889,32,Não da video,Não informado,2024-02-07 09:02:21,25,2024-02-07 09:02:21,0,0
1890,32,ter impressão na segov ,william ,2024-02-07 09:07:40,57,2024-02-07 09:07:40,0,0
1893,32,não consegue acessar o site da fazenda ,azambuja ,2024-02-07 09:51:54,23,2024-02-07 09:51:54,0,0
1895,32,trocar pc de mesa e configurar usuario ,ney rolim ,2024-02-07 10:09:14,10,2024-02-07 10:09:14,0,0
1899,32,tela minúscula,Tania,2024-02-08 08:22:30,21,2024-02-08 08:22:30,0,0
1901,32,desbloquear um pc ,ricardo ,2024-02-08 08:38:55,27,2024-02-08 08:38:55,0,0
1905,32,não  aparece os atalhos pro TP,Não informado,2024-02-08 08:43:38,0,2024-02-08 08:43:38,0,0
1906,32,trocar rede do financeiro para divida ativa ,ney rolim ,2024-02-08 08:44:05,26,2024-02-08 08:44:05,0,0
1907,32,tirar senha do adm ,ney rolim ,2024-02-08 08:44:26,26,2024-02-08 08:44:26,0,0
1909,32,impressora não imprime ,Tania,2024-02-08 09:42:23,21,2024-02-08 09:42:23,0,0
1910,32,não especificado ,Não informado,2024-02-08 09:42:59,40,2024-02-08 09:42:59,0,0
1912,32,configurar impressora ,patricia ,2024-02-08 10:12:30,34,2024-02-08 10:12:30,0,0
1914,32,configurar notebook ,Alexandre ,2024-02-08 10:50:10,0,2024-02-08 10:50:10,0,0
1915,32,tela preta,Tania,2024-02-08 10:51:53,21,2024-02-08 10:51:53,0,0
1916,32,sem rede ,Não informado,2024-02-08 10:52:28,20,2024-02-08 10:52:28,0,0
1918,32,trusteer com problema ,Cristiane ,2024-02-08 11:00:01,29,2024-02-08 11:00:01,0,0
1919,32,caiu o sistema ,Tania,2024-02-08 11:07:49,21,2024-02-08 11:07:49,0,0
1920,32,não entra o navegador ,Tania,2024-02-08 11:45:09,21,2024-02-08 11:45:09,0,0
1922,32,montar pc,Alexandre ,2022-11-01 08:00:00,0,2024-02-09 08:51:37,0,0
1923,32,arrumando computadores ,Não informado,2024-02-09 09:04:54,0,2024-02-09 09:04:54,0,0
1925,32,arrumar data e hora do pc,norberto ,2024-02-09 09:11:11,67,2024-02-09 09:11:11,0,0
1926,32,"tela ruim, chuviscada ",Priscila,2024-02-09 09:32:06,0,2024-02-09 09:32:06,0,0
1927,32,sem rede ,kleber ,2024-02-09 09:55:16,0,2024-02-09 09:55:16,0,0
1928,32,impressora não imprime ,Andriele,2024-02-09 09:55:51,0,2024-02-09 09:55:51,0,0
1930,32,não tem acesso a planilhas ,Não informado,2024-02-09 10:01:07,0,2024-02-09 10:01:07,0,0
1932,32,arrumar equipamentos ,everaldo ,2024-02-09 10:47:48,0,2024-02-09 10:47:48,0,0
1933,32,computador travou ,Tania,2024-02-09 11:05:38,21,2024-02-09 11:05:38,0,0
1934,32,problema no envio do e-mail ,Bruno ,2024-02-09 11:39:54,0,2024-02-09 11:39:54,0,0
1935,32,horario,Não informado,2024-02-14 12:34:24,0,2024-02-14 12:34:24,0,0
1937,32,estabilizador,Não informado,2024-02-14 13:06:51,6,2024-02-14 13:06:51,0,0
1940,32,pc não liga ,Nilo ,2024-02-14 13:12:10,27,2024-02-14 13:12:10,0,0
1942,32,se possível levar mouse ,anderson ,2024-02-14 13:25:34,0,2024-02-14 13:25:34,0,0
1944,32,não consegue acessar a internet ,Dani,2024-02-14 13:30:57,0,2024-02-14 13:30:57,0,0
1947,32,sem internet ,Não informado,2024-02-14 13:43:58,0,2024-02-14 13:43:58,0,0
1948,32,sem internet 10h,Anderson ,2024-02-14 14:02:43,0,2024-02-14 14:02:43,0,0
1950,32,arrumar data e hora do pc,rose,2024-02-14 14:08:23,0,2024-02-14 14:08:23,0,0
1953,32,pc não liga ,bruno ,2024-02-15 08:16:03,0,2024-02-15 08:16:03,0,0
1954,32,pc sem sistema ,Tania,2024-02-15 08:42:57,21,2024-02-15 08:42:57,0,0
1956,32,pc não liga ,Leonise,2024-02-15 08:58:39,0,2024-02-15 08:58:39,0,0
1958,32,sem rede,carol,2024-02-15 09:00:50,0,2024-02-15 09:00:50,0,0
1960,32,sem internet ,Tania,2024-02-15 09:34:13,21,2024-02-15 09:34:13,0,0
1961,32,sem internet ,Não informado,2024-02-15 09:41:01,0,2024-02-15 09:41:01,0,0
1962,32,sem internet ,Não informado,2024-02-15 09:55:46,40,2024-02-15 09:55:46,0,0
1964,32,sem internet ,estagiario ,2024-02-15 11:11:22,0,2024-02-15 11:11:22,0,0
1966,32,sem internet ,Não informado,2024-02-15 11:35:32,0,2024-02-15 11:35:32,0,0
1967,32,sem internet ,Não informado,2024-02-15 11:35:57,0,2024-02-15 11:35:57,0,0
1968,32,monitor não liga ,claudio ,2024-02-15 11:36:18,0,2024-02-15 11:36:18,0,0
1969,32,não especificado ,Não informado,2024-02-16 08:09:01,23,2024-02-16 08:09:01,0,0
1972,32,instalar o opera ,Tania,2024-02-16 08:16:34,21,2024-02-16 08:16:34,0,0
1974,32,sem internet ,Tania,2024-02-16 08:19:24,21,2024-02-16 08:19:24,0,0
1975,32,instalar opera ,Não informado,2024-02-16 08:47:32,20,2024-02-16 08:47:32,0,0
1976,32,instalar opera ,Não informado,2024-02-16 08:47:56,27,2024-02-16 08:47:56,0,0
1978,32,"configurar pc, scanner não esta funcionando, pc sem acesso a impressora ",nara,2024-02-16 09:16:32,0,2024-02-16 09:16:32,0,0
1979,34,nao consegue acessar AR,Não informado,2024-02-16 09:42:37,67,2024-02-16 09:42:37,0,0
1984,32,não abre o word ,joão,2024-02-19 08:36:30,0,2024-02-19 08:36:30,0,0
1985,32,não especificado ,cristina ,2024-02-19 08:36:48,0,2024-02-19 08:36:48,0,0
1986,32,não consegue acessar o A.R,Alexandre ,2024-02-19 08:39:31,0,2024-02-19 08:39:31,0,0
1988,32,instalar scanner no pc ,Vera ,2024-02-19 08:51:51,34,2024-02-19 08:51:51,0,0
1989,32,não especificado ,joão ,2024-02-19 09:39:16,0,2024-02-19 09:39:16,0,0
1991,32,"sem acesso ao A.R, impressora n imprime ",Tania,2024-02-19 10:42:37,21,2024-02-19 10:42:37,0,0
1993,32,rede pmu.lucal não está funcionando ,Alexandre Brum,2024-02-19 10:46:48,0,2024-02-19 10:46:48,0,0
1994,32,não especificado ,Não informado,2024-02-20 09:31:32,0,2024-02-20 09:31:32,0,0
1995,32,não especificado ,Não informado,2024-02-20 09:31:32,0,2024-02-20 09:31:32,0,0
1997,32,instalar office ,Daiane ,2024-02-20 10:06:45,0,2024-02-20 10:06:45,0,0
1998,32,não especificado ,Não informado,2024-02-20 10:15:56,0,2024-02-20 10:15:56,0,0
2001,32,sem rede ,Ana paula ,2024-02-20 11:02:15,0,2024-02-20 11:02:15,0,0
2002,32,"instalar scanner, leitor de pdf e módulo de segurança ",patricia ,2024-02-20 11:08:19,34,2024-02-20 11:08:19,0,0
2003,32,sem rede ,Ana paula ,2024-02-20 11:18:26,38,2024-02-20 11:18:26,0,0
2004,32,não consegue acessar o sistema ,Adriana ,2024-02-20 11:46:55,0,2024-02-20 11:46:55,0,0
2006,32,pc não liga ,lidiane ,2024-02-21 08:18:47,0,2024-02-21 08:18:47,0,0
2008,32,sem acesso a internet ,Não informado,2024-02-21 08:27:04,40,2024-02-21 08:27:04,0,0
2010,32,pc não liga ,diretora ,2024-02-21 08:46:43,0,2024-02-21 08:46:43,0,0
2012,32,instalar pc ,Gean,2024-02-21 09:09:31,0,2024-02-21 09:09:31,0,0
2014,32,scanner nao funciona ,nara,2024-02-21 09:24:14,0,2024-02-21 09:24:14,0,0
2015,32,scanner nao funciona ,nara,2024-02-21 09:34:33,0,2024-02-21 09:34:33,0,0
2016,32,não especificado ,Não informado,2024-02-21 09:34:47,0,2024-02-21 09:34:47,0,0
2018,32,instalar word ,Não informado,2024-02-22 08:16:01,41,2024-02-22 08:16:01,0,0
2020,32,pc não liga ,flavio ,2024-02-22 08:32:50,0,2024-02-22 08:32:50,0,0
2021,32,não especificado ,Não informado,2024-02-22 08:57:06,41,2024-02-22 08:57:06,0,0
2024,32,pc não liga ,jeanine ,2024-02-22 10:40:08,34,2024-02-22 10:40:08,0,0
2025,32,internet desconectando ,joão,2024-02-22 10:55:19,67,2024-02-22 10:55:19,0,0
2026,32,trocar monitor ,Ellen ,2022-11-01 08:00:00,0,2024-02-22 11:00:29,0,0
2029,32,impressora Offline ,luana,2024-02-22 11:42:33,26,2024-02-22 11:42:33,0,0
2032,32,arruma impressora ,ney,2024-02-23 08:27:54,26,2024-02-23 08:27:54,0,0
2034,32,arrumar impressora ,estagiaria ,2024-02-23 08:43:45,0,2024-02-23 08:43:45,0,0
2035,32,sem rede ,estagiaria ,2024-02-23 09:22:08,0,2024-02-23 09:22:08,0,0
2036,32,trocar senha ,soraya,2024-02-23 10:34:16,0,2024-02-23 10:34:16,0,0
2039,32,instalar scanner ,Gean,2024-02-26 08:48:15,0,2024-02-26 08:48:15,0,0
2040,32,configurar impressora ,joel,2024-02-26 09:09:04,26,2024-02-26 09:09:04,0,0
2042,32,sem rede ,Não informado,2024-02-26 23:58:22,21,2024-02-26 10:58:22,0,0
2043,32,instalar pc ,Fabiula ,2024-02-26 23:58:53,29,2024-02-26 10:58:53,0,0
2044,32,instalar pc ,Tania,2024-02-27 00:00:01,21,2024-02-26 11:00:01,0,0
2048,32,arrumar a internet ,maria luiza,2024-02-27 22:41:46,0,2024-02-27 09:41:46,0,0
2049,32,arrumar pc ,Não informado,2024-02-27 22:50:18,39,2024-02-27 09:50:18,0,0
2051,32,sem internet  ,everaldo ,2024-02-27 23:03:51,0,2024-02-27 10:03:51,0,0
2053,32,problema com cabo de rede ,Não informado,2024-02-28 19:26:03,0,2024-02-28 08:26:03,0,0
2056,32,sem acesso ao pc ,diogo,2024-02-28 20:23:19,0,2024-02-28 09:23:19,0,0
2057,32,pc se desligando ,silvia ,2024-02-28 20:23:59,28,2024-02-28 09:23:59,0,0
2060,32,impressora não imprime ,Jaqueline,2024-02-28 22:25:13,0,2024-02-28 11:25:13,0,0
2062,32,não especificado ,Fabiula ,2024-02-29 19:23:49,0,2024-02-29 08:23:49,0,0
2064,32,pc não liga ,Hamilton ,2024-02-29 20:08:24,0,2024-02-29 09:08:24,0,0
2066,32,folha presa na impressora ,Jaqueline,2024-02-29 20:28:49,0,2024-02-29 09:28:49,0,0
2068,32,pc com vírus ,joel,2024-02-29 20:36:27,26,2024-02-29 09:36:27,0,0
2069,32,folha presa na impressora ,Jaqueline,2024-02-29 20:39:23,0,2024-02-29 09:39:23,0,0
2071,32,perdeu caminho da impressora ,Tania,2024-02-29 22:15:28,21,2024-02-29 11:15:28,0,0
2072,32,não consegue acessar o sistema ,Adriana,2024-03-04 19:46:25,0,2024-03-04 08:46:25,0,0
2073,32,abrindo abas aleatórias ,edson ,2024-03-04 19:47:53,24,2024-03-04 08:47:53,0,0
2074,32,sem acesso ao sistema ,Tania,2024-03-04 19:48:21,21,2024-03-04 08:48:21,0,0
2075,32,não especificado ,Não informado,2024-03-04 19:48:40,41,2024-03-04 08:48:40,0,0
2076,32,não especificado ,Não informado,2024-03-04 20:03:53,0,2024-03-04 09:03:53,0,0
2079,32,impressora não liga ,wagner ,2024-03-04 20:30:57,0,2024-03-04 09:30:57,0,0
2082,32,instalar opera ,dr bibiana,2024-03-04 21:09:26,0,2024-03-04 10:09:26,0,0
2083,32,arrumar o tp,brenda ,2024-03-04 21:11:45,0,2024-03-04 10:11:45,0,0
2085,32,pc não liga ,osvaldo,2024-03-04 21:49:21,0,2024-03-04 10:49:21,0,0
2087,32,opera não abre ,Tania,2024-03-04 22:32:38,21,2024-03-04 11:32:38,0,0
2089,32,instalar opera ,julio,2024-03-04 22:46:54,0,2024-03-04 11:46:54,0,0
2091,32,instalar opera ,Não informado,2024-03-04 22:59:26,0,2024-03-04 11:59:26,0,0
2092,32,pc não liga ,Não informado,2024-03-05 19:27:23,0,2024-03-05 08:27:23,0,0
2094,32,pc não liga ,diretora ,2024-03-05 19:50:57,0,2024-03-05 08:50:57,0,0
2096,32,não consegue mandar pra imprimir ,ricardo ,2024-03-05 20:15:04,44,2024-03-05 09:15:04,0,0
2097,32,opera não funciona ,Luana,2024-03-05 20:35:35,26,2024-03-05 09:35:35,0,0
2100,32,tela azul,marcos,2024-03-05 20:50:37,0,2024-03-05 09:50:37,0,0
2102,32,pc não liga ,maristela,2024-03-05 22:00:37,0,2024-03-05 11:00:37,0,0
2107,32,trocar usuario,Carla,2024-03-06 19:39:05,34,2024-03-06 08:39:05,0,0
2108,32,problema no scanner ,Fabiula ,2024-03-06 19:49:49,0,2024-03-06 08:49:49,0,0
2109,32,não especificado ,Cezar ,2024-03-06 19:58:54,0,2024-03-06 08:58:54,0,0
2112,32,sem internet ,claudio ,2024-03-06 20:26:07,0,2024-03-06 09:26:07,0,0
2116,32,não consegue imprimir ,brenda ,2024-03-06 21:03:51,0,2024-03-06 10:03:51,0,0
2117,32,pc não liga ,51 valdir ,2024-03-06 21:04:07,0,2024-03-06 10:04:07,0,0
2118,32,Problema na impressora ,Não informado,2024-03-06 22:06:34,0,2024-03-06 11:06:34,0,0
2120,32,pc não recebe comando para impressão,Walter,2024-03-07 20:40:54,29,2024-03-07 08:12:57,0,0
2121,32,pc não liga ,diretora ,2024-03-07 19:14:30,0,2024-03-07 08:14:30,0,0
2123,32,configurar impressora ,Fabiula ,2024-03-07 20:19:28,0,2024-03-07 08:31:27,0,0
2126,32,sem internet ,Não informado,2024-03-08 19:36:08,0,2024-03-08 08:36:08,0,0
2127,32,sem internet ,Não informado,2024-03-08 19:39:04,0,2024-03-08 08:39:04,0,0
2129,32,instalar impressora ,Walter,2024-03-08 20:16:44,29,2024-03-08 09:16:44,0,0
2131,32,teclado não funciona ,diretora ,2024-03-08 20:42:49,0,2024-03-08 09:42:49,0,0
2132,32,curto nos fios e apagou os pc ,lucia,2024-03-08 20:57:43,0,2024-03-08 09:57:43,0,0
2133,22,Monitor queimado ,NATHALY,2024-03-09 00:55:30,4,2024-03-08 13:55:30,0,0
2135,32,sem rede ,Adriana ,2024-03-11 19:31:32,0,2024-03-11 08:31:32,0,0
2137,32,sem rede ,rose ,2024-03-11 19:37:37,0,2024-03-11 08:37:37,0,0
2138,32,data errada e sem rede ,norberto ,2024-03-11 19:38:18,69,2024-03-11 08:38:18,0,0
2140,32,instalar scanner ,Tania,2024-03-11 21:15:35,21,2024-03-11 10:15:35,0,0
2142,32,sem acesso ao pc ,estagiario ,2024-03-11 21:19:02,0,2024-03-11 10:19:02,0,0
2143,32,arrumar o scanner ,Najyla,2024-03-11 21:48:49,0,2024-03-11 10:48:49,0,0
2145,32,cadastrar impressora ,claudio ,2024-03-11 22:13:48,0,2024-03-11 11:13:48,0,0
2147,32,pc não manda pra imprimir ,ricardo,2024-03-12 19:19:38,45,2024-03-12 08:19:38,0,0
2149,32,pc não liga ,diretora ,2024-03-12 19:26:25,0,2024-03-12 08:26:25,0,0
2152,32,mensagem pedindo para entrar no dominio ,estagiario ,2024-03-12 19:37:43,0,2024-03-12 08:37:43,0,0
2153,32,equipamento não liga ,Não informado,2024-03-12 19:38:02,0,2024-03-12 08:38:02,0,0
2154,32,instalar impressora no pc,picoli ,2024-03-12 19:40:07,25,2024-03-12 08:40:07,0,0
2157,32,instalar scanner no pc ,Walter,2024-03-12 20:58:37,29,2024-03-12 09:58:37,0,0
2158,32,pc não funciona ,Não informado,2024-03-12 21:00:20,0,2024-03-12 10:00:20,0,0
2159,32,não consegue imprimir (não resolvido),Não informado,2024-03-12 22:11:00,4,2024-03-12 11:11:00,0,0
2162,32,não consegue imprimir ,estagiaria ,2024-03-12 22:52:59,10,2024-03-12 11:52:59,0,0
2165,32,pc não liga ,Leandro ,2024-03-13 19:54:22,0,2024-03-13 08:54:22,0,0
2166,32,sem acesso ao pc ,Não informado,2024-03-13 20:10:09,0,2024-03-13 08:55:35,0,0
2167,32,pc sem internet ,Não informado,2024-03-13 19:56:17,0,2024-03-13 08:56:17,0,0
2168,32,trocar pc ,gabrieli,2024-03-13 20:01:39,0,2024-03-13 09:01:39,0,0
2169,32,instalar pc e impressora ,Tania,2024-03-13 21:21:27,21,2024-03-13 09:22:41,0,0
2172,32,instalar impressora ,Felipe,2024-03-13 21:04:29,27,2024-03-13 10:04:29,0,0
2173,15,Sem internet,Não informado,2024-03-13 21:21:55,0,2024-03-13 10:21:55,0,0
2175,32,pc sem rede ,felipe,2024-03-13 22:13:35,0,2024-03-13 11:13:35,0,0
2176,32,trocar o pc ,gabrieli,2024-03-13 22:28:27,0,2024-03-13 11:28:27,0,0
2178,32,não localiza a impressora,felipe,2024-03-13 22:42:50,27,2024-03-13 11:42:50,0,0
2179,32,não consegue acessar o sistema ,Não informado,2024-03-14 20:01:52,0,2024-03-14 08:32:32,0,0
2180,32,arrumar impressora ,Não informado,2024-03-14 20:01:38,0,2024-03-14 09:01:38,0,0
2182,32,instalar pc ,Najyla,2024-03-14 20:52:24,0,2024-03-14 09:52:24,0,0
2184,32,arrumar impressora ,Não informado,2024-03-14 22:10:38,34,2024-03-14 11:10:38,0,0
2185,32,impressora não imprime ,leonidas,2024-03-14 22:11:02,0,2024-03-14 11:11:02,0,0
2187,32,sem internet ,luciana,2024-03-14 22:34:17,0,2024-03-14 11:34:17,0,0
2189,32,pc não liga ,milton ,2024-03-15 20:55:27,23,2024-03-15 09:55:27,0,0
2190,32,pc não liga ,milton ,2024-03-15 20:55:58,23,2024-03-15 09:55:58,0,0
2192,32,tela não liga,carol,2024-03-18 19:21:19,0,2024-03-18 08:21:19,0,0
2194,32,problema na impressora ,picoli ,2024-03-18 20:35:12,25,2024-03-18 09:35:12,0,0
2195,32,pc não liga ,carlos,2024-03-18 20:35:57,0,2024-03-18 09:35:57,0,0
2198,32,arruma impressora ,Não informado,2024-03-18 21:32:06,0,2024-03-18 10:13:45,0,0
2200,32,não consegue localizar pasta ,gabrieli,2024-03-18 21:40:32,0,2024-03-18 10:40:32,0,0
2202,32,instalar impressora ,Pamela,2024-03-19 20:14:22,0,2024-03-19 09:14:22,0,0
2203,32,puxar um ponto para impressora,Não informado,2024-03-19 20:22:28,0,2024-03-19 09:22:28,0,0
2204,32,pc pedindo senha ,eusi ,2024-03-19 22:22:31,0,2024-03-19 11:22:31,0,0
2205,32,problema na tela,Não informado,2024-03-19 22:27:15,0,2024-03-19 11:27:15,0,0
2206,32,arrumar impressora ,Não informado,2024-03-19 22:39:49,0,2024-03-19 11:39:49,0,0
2207,32,pedindo senha ,cleber,2024-03-19 22:59:53,0,2024-03-19 11:59:53,0,0
2209,32,ícones coloridos na tela ,Carlos,2024-03-20 19:44:27,0,2024-03-20 08:44:27,0,0
2211,32,"buscar pc, colocar acesso do email no pc da karla",Vera ,2024-03-20 19:55:06,34,2024-03-20 08:55:06,0,0
2212,32,puxar cabo de rede,Denise ,2024-03-20 19:55:51,0,2024-03-20 08:55:51,0,0
2213,32,configurar impressora ,Fatima ,2024-03-20 20:57:08,24,2024-03-20 09:57:08,0,0
2215,32,instalar scanner ,Antonio ,2024-03-20 21:12:42,21,2024-03-20 10:12:42,0,0
2216,32,impressora não imprime ,tania,2024-03-20 22:14:04,21,2024-03-20 11:14:04,0,0
2218,32,ícones coloridos na tela ,carlos,2024-03-22 19:29:51,0,2024-03-22 08:29:51,0,0
2220,32,monitor não liga ,Mariana,2024-03-22 20:39:58,0,2024-03-22 09:39:58,0,0
2222,32,instalar impressora ,Não informado,2024-03-22 20:42:53,0,2024-03-22 09:42:53,0,0
2223,32,instalar pc ,Luana,2024-03-22 20:43:18,26,2024-03-22 09:43:18,0,0
2224,32,instalar opera ,claudio ,2024-03-22 21:20:33,21,2024-03-22 10:20:33,0,0
2225,32,instalar  impressora no pc ,Matheus,2024-03-22 22:51:13,0,2024-03-22 11:51:13,0,0
2227,32,não consegue acessa o sistema ,Luciano,2024-03-25 19:53:19,29,2024-03-25 08:53:19,0,0
2229,32,pc não liga ,Não informado,2024-03-25 19:58:47,0,2024-03-25 08:58:47,0,0
2231,32,pc perdeu o caminho da impressora ,tania ,2024-03-25 20:07:27,21,2024-03-25 09:07:27,0,0
2232,32,arrumar impressora ,Najyla,2024-03-25 20:11:12,39,2024-03-25 09:11:12,0,0
2235,32,instalar scanner ,gean,2024-03-25 21:41:25,0,2024-03-25 10:41:25,0,0
2236,32,instalar scanner ,elinara,2024-03-25 21:42:00,0,2024-03-25 10:42:00,0,0
2237,32,buscar email pra trocar senha ,Cleber ,2024-03-25 21:42:40,0,2024-03-25 10:42:26,0,0
2238,32,instalar scanner ,Não informado,2024-03-25 22:03:23,0,2024-03-25 11:03:23,0,0
2240,32,Não consegue logar,Tânia ,2024-03-25 23:00:15,21,2024-03-25 11:17:48,0,0
2242,32,pc não liga ,Marielle,2024-03-26 19:35:40,0,2024-03-26 08:35:40,0,0
2243,32,montar pc ,Não informado,2024-03-26 19:39:05,0,2024-03-26 08:39:05,0,0
2245,32,não consegue assinar com certificado ,andherson ,2024-03-26 19:56:23,4,2024-03-26 08:56:23,0,0
2246,32,arrumar token ,Não informado,2024-03-26 21:06:44,0,2024-03-26 10:06:44,0,0
2247,32,arrumar impressora ,Não informado,2024-03-26 21:07:19,0,2024-03-26 10:07:19,0,0
2249,32,impressora não imprime ,dani,2024-03-26 21:13:18,0,2024-03-26 10:13:18,0,0
2250,32,sem internet ,joel,2024-03-26 21:59:48,26,2024-03-26 10:59:48,0,0
2253,32,sem rede ,Brenda,2024-03-27 19:54:22,0,2024-03-27 08:54:22,0,0
2254,32,não consegue mandar pra imprimir ,patricia ,2024-03-27 20:01:07,0,2024-03-27 09:01:07,0,0
2255,32,não consegue acessar arquivos ,paes,2024-03-27 20:20:51,34,2024-03-27 09:20:51,0,0
2257,32,pc pedindo senha do adm ,Paes ,2024-03-27 22:29:07,34,2024-03-27 11:29:07,0,0
2259,32,passar arquivo do notebook para o pc ,william ,2024-03-28 19:38:00,0,2024-03-28 08:38:00,0,0
2260,32,instalar pc,Não informado,2024-03-28 20:18:03,0,2024-03-28 09:18:03,0,0
2261,32,sem internet ,Cristiane ,2024-03-28 21:04:10,29,2024-03-28 10:04:10,0,0
2262,32,instalar pc ,Não informado,2024-03-28 22:52:59,0,2024-03-28 11:52:59,0,0
2263,32,não consegue imprimir ,secretária do elton,2024-04-01 22:19:23,0,2024-04-01 11:19:23,0,0
2264,32,pc não liga ,marcia,2024-04-01 22:19:57,0,2024-04-01 11:19:57,0,0
2265,32,tela azul ,estagiario ,2024-04-01 22:20:15,0,2024-04-01 11:20:15,0,0
2266,32,instalar T.P ,Mariana ,2024-04-01 22:20:49,0,2024-04-01 11:20:49,0,0
2267,32,não consegue acessar o T.P,Adriana,2024-04-01 22:21:14,0,2024-04-01 11:21:14,0,0
2268,32,não consegue assinar o certificado,andherson ,2024-04-01 22:45:06,4,2024-04-01 11:45:06,0,0
2274,32,Problema na internt,Gean,2024-04-02 22:17:40,0,2024-04-02 11:17:40,0,0
2276,32,arrumar anydesk,lendro ,2024-04-02 22:51:06,0,2024-04-02 11:51:06,0,0
2277,32,pc reiniciando 15h,Não informado,2024-04-03 19:28:50,0,2024-04-03 08:28:50,0,0
2278,32,pc sem internet ,Ana fanti,2024-04-03 19:29:30,0,2024-04-03 08:29:30,0,0
2279,32,pc sem internet,Ana fanti,2024-04-03 19:34:21,0,2024-04-03 08:34:21,0,0
2280,32,formatar pc 9h,Najyla,2024-04-03 20:18:29,0,2024-04-03 09:18:29,0,0
2283,32,sem acesso ao CREA ,Vera ,2024-04-03 21:36:10,34,2024-04-03 10:36:10,0,0
2284,32,pc se desligando ,Tania,2024-04-03 21:58:59,21,2024-04-03 10:58:59,0,0
2285,32,não especificado ,Ana,2024-04-03 22:00:20,0,2024-04-03 11:00:20,0,0
2289,32,Problema para imprimir certificados  e abrir o  programa Sermil,Não informado,2024-04-04 20:48:46,0,2024-04-04 09:48:46,0,0
2290,32,acesso e internet,Não informado,2024-04-04 20:51:04,0,2024-04-04 09:51:04,0,0
2291,32,Problema para imprimir certificados e abrir o programa Sermil,Não informado,2024-04-04 20:51:38,0,2024-04-04 09:51:38,0,0
2292,32,instalar PC e Scanner,Não informado,2024-04-04 20:52:29,0,2024-04-04 09:52:29,0,0
2293,32,checar cabeamento,Não informado,2024-04-04 21:40:11,0,2024-04-04 10:40:11,0,0
2295,32,pc não aparece planilha ,Pamela,2024-04-05 19:31:18,29,2024-04-05 08:31:18,0,0
2297,32,não abre o SERMIL,fabio,2024-04-05 20:06:17,0,2024-04-05 09:06:17,0,0
2298,32,instalar pc ,ana,2024-04-05 22:57:44,0,2024-04-05 11:57:44,0,0
2299,32,pc não liga ,estagiaria ,2024-04-08 19:32:20,0,2024-04-08 08:32:20,0,0
2300,32,pc sem rede,andherson ,2024-04-08 19:58:19,0,2024-04-08 08:58:19,0,0
2302,32,sem acesso a rede ,rose,2024-04-08 21:34:52,0,2024-04-08 10:34:52,0,0
2304,32,pc não liga ,Paulo Cesar ,2024-04-09 19:48:11,27,2024-04-09 08:48:11,0,0
2306,32,não consegue imprimir ,Marielle,2024-04-09 19:58:22,0,2024-04-09 08:58:22,0,0
2308,32,compartilhar excel com outros pc ,claudiomiro,2024-04-10 21:26:19,21,2024-04-10 10:26:19,0,0
2309,32,impressora não imprime ,geovana,2024-04-10 21:48:11,0,2024-04-10 10:48:11,0,0
2310,32,não especificado ,vice,2024-04-10 22:35:33,0,2024-04-10 11:35:33,0,0
2311,32,pc sem rede e data errada ,fernando ,2024-04-11 20:02:27,29,2024-04-11 08:50:32,0,0
2313,32,pc travando,João pedro,2024-04-11 20:29:40,66,2024-04-11 09:29:40,0,0
2315,32,resolução do pdf,Tania,2024-04-11 22:28:08,21,2024-04-11 11:28:08,0,0
2316,32,não consegue digitar ,Fiscal Jussara ,2024-04-11 22:29:46,67,2024-04-11 11:29:46,0,0
2323,32,sem rede ,fabio,2024-04-12 19:56:04,22,2024-04-12 08:55:54,0,0
2324,32,não consegue entrar no sistema ,Não informado,2024-04-12 19:59:20,20,2024-04-12 08:59:20,0,0
2325,32,sem internet ,tania ,2024-04-12 20:06:08,21,2024-04-12 09:06:08,0,0
2326,32,sem rede ,rose ,2024-04-12 20:06:44,0,2024-04-12 09:06:44,0,0
2327,32,problema com o teclado ,Fiscal Jussara ,2024-04-12 20:07:28,67,2024-04-12 09:07:28,0,0
2329,32,não consegue ligar o pc ,osvaldo ,2024-04-12 20:19:14,0,2024-04-12 09:19:14,0,0
2330,32,recuperar arquivos ,Mariane ,2024-04-12 21:02:54,0,2024-04-12 10:02:54,0,0
2333,32,pc se desligando ,mari,2024-04-12 21:34:00,0,2024-04-12 10:34:00,0,0
2334,32,sem rede ,leonidas,2024-04-12 21:34:20,0,2024-04-12 10:34:20,0,0
2336,32,problema com certificado digital,Alexandre Brum,2024-04-12 22:19:41,35,2024-04-12 11:19:41,0,0
2337,32,pc não liga ,Não informado,2024-04-15 20:02:01,0,2024-04-15 08:38:12,0,0
2338,32,perdeu os arquivos ,Mariane ,2024-04-15 19:38:35,0,2024-04-15 08:38:35,0,0
2340,32,configurar impressora ,Não informado,2024-04-15 20:02:36,0,2024-04-15 09:02:36,0,0
2342,32,pc não liga ,emiliene,2024-04-15 20:07:15,0,2024-04-15 09:07:15,0,0
2343,32,pc não liga ,Dani,2024-04-15 20:08:19,0,2024-04-15 09:08:19,0,0
2344,32,configurar impressora em 2 pc´s,Não informado,2024-04-15 20:41:47,0,2024-04-15 09:41:47,0,0
2345,32,pc se desligando ,Não informado,2024-04-15 20:51:37,0,2024-04-15 09:51:37,0,0
2346,32,pc não esta digitalizando ,Najyla,2024-04-16 00:00:00,0,2024-04-15 09:54:41,0,0
2349,32,configurar word ,Pereira ,2024-04-15 21:32:39,0,2024-04-15 10:32:30,0,0
2351,32,impressora com problema ,D.r Bruna ,2024-04-15 21:47:09,4,2024-04-15 10:47:09,0,0
2353,32,tela preta,Luana,2024-04-15 22:18:51,0,2024-04-15 11:18:51,0,0
2355,32,trocar pc de lugar ,João pedro ,2024-04-16 19:37:53,21,2024-04-16 08:37:53,0,0
2357,32,sem internet ,Não informado,2024-04-16 20:42:32,0,2024-04-16 09:42:32,0,0
2358,32,sem internet ,Não informado,2024-04-16 20:42:52,0,2024-04-16 09:42:52,0,0
2359,32,não consegue entrar em sites ,Nilton,2024-04-16 21:08:18,23,2024-04-16 10:08:18,0,0
2361,32,não consegue acessar a pasta geral da rede ,cesar,2024-04-17 19:41:17,0,2024-04-17 08:41:17,0,0
2364,32,não consegue acessar o ponto ,cesar ,2024-04-17 21:28:18,0,2024-04-17 10:28:18,0,0
2365,32,atualizar pc ,jeferson,2024-04-17 22:12:08,0,2024-04-17 11:12:08,0,0
2367,32,não consegue editar ,cesar ,2024-04-18 20:19:21,0,2024-04-18 09:19:21,0,0
2368,32,não especificado ,clenair ,2024-04-18 20:41:20,0,2024-04-18 09:41:20,0,0
2371,32,montar pc ,diego,2024-04-19 20:21:34,67,2024-04-19 09:21:34,0,0
2373,32,sem rede ,D.r Eduardo ,2024-04-19 22:43:59,0,2024-04-19 11:43:59,0,0
2374,32,sem rede ,D.r Eduardo ,2024-04-19 22:44:52,0,2024-04-19 11:44:52,0,0
2377,32,um cabo p pc,estagiaria ,2024-04-22 19:46:49,0,2024-04-22 08:46:49,0,0
2378,32,pc com senha incorreta ,jeferson,2024-04-22 20:05:25,0,2024-04-22 09:05:25,0,0
2381,32,não consegue acessar a rede ,Cansio,2024-04-22 20:16:38,33,2024-04-22 09:16:38,0,0
2382,32,monitor não liga ,cesar ,2024-04-22 20:22:45,0,2024-04-22 09:22:45,0,0
2383,32,baixar planilha,Tania,2024-04-22 22:01:49,21,2024-04-22 11:01:49,0,0
2385,32,teclado falhando ,jorge,2024-04-22 22:21:56,0,2024-04-22 11:21:56,0,0
2386,32,teclado falhando ,jorge,2024-04-22 22:21:57,0,2024-04-22 11:21:57,0,0
2393,32,abrir link para reunião 10h,Quirino,2024-04-23 20:45:00,0,2024-04-23 09:45:00,0,0
2396,32,não consegue acessar o site ,Não informado,2024-04-23 21:17:25,0,2024-04-23 10:17:25,0,0
2397,32,impressora com problema ,Tania,2024-04-23 21:31:06,21,2024-04-23 10:31:06,0,0
2398,32,impressora offline,Ronaldo,2024-04-23 21:37:03,0,2024-04-23 10:37:03,0,0
2399,32,impressora com problema ,bethe,2024-04-23 21:38:08,0,2024-04-23 10:38:08,0,0
2400,32,não aparece pastas na rede ,jean,2024-04-23 21:38:35,0,2024-04-23 10:38:35,0,0
2401,32,não entra usuário,Não informado,2024-04-23 21:39:13,66,2024-04-23 10:39:13,0,0
2403,32,impressora não imprime etiqueta ,Não informado,2024-04-23 22:05:44,0,2024-04-23 11:05:44,0,0
2404,32,sem internet ,Claudiomir ,2024-04-23 22:12:41,21,2024-04-23 11:12:41,0,0
2406,32,perdeu o acesso do pc,diretora ,2024-04-24 19:43:40,0,2024-04-24 08:43:40,0,0
2407,32,não consegue acessar  sic,Ana galvão,2024-04-24 20:16:49,0,2024-04-24 09:16:49,0,0
2409,32,pc não liga ,Patricia,2024-04-24 20:50:11,0,2024-04-24 09:50:11,0,0
2412,32,pc se desligando ,william ,2024-04-24 21:21:01,0,2024-04-24 10:21:01,0,0
2413,32,travou na tela inicial,estágiaria,2024-04-24 21:34:09,0,2024-04-24 10:34:09,0,0
2414,32,instalar pc,Não informado,2024-04-25 19:26:17,0,2024-04-25 08:26:17,0,0
2415,32,problema de internet,Não informado,2024-04-25 19:29:35,0,2024-04-25 08:29:35,0,0
2417,32,ajuda para fazer um login,Bruno,2024-04-25 20:46:16,0,2024-04-25 09:46:16,0,0
2419,32,pc dando tela azul,Não informado,2024-04-25 22:06:46,0,2024-04-25 11:06:46,0,0
2420,32,configurar impressora,Não informado,2024-04-25 22:07:24,0,2024-04-25 11:07:24,0,0
2421,32,sistema caindo ,claudio,2024-04-25 22:11:44,21,2024-04-25 11:11:44,0,0
2423,32,sem acesso a rede e sem internet ,Adriely,2024-04-26 20:19:03,0,2024-04-26 09:19:03,0,0
2424,32,notebook dando problema,Everaldo,2024-04-26 21:14:11,0,2024-04-26 10:14:11,0,0
2426,32,planilha no modo leitor ,Luciano,2024-04-26 21:46:31,29,2024-04-26 10:46:31,0,0
2429,32,problema  caixinha de som,luiz,2024-04-29 20:57:50,66,2024-04-29 09:57:50,0,0
2432,32,sem internet ,silvia,2024-04-29 22:02:46,28,2024-04-29 11:02:46,0,0
2433,32,problema para imprimir,bruno ,2024-04-29 22:03:31,0,2024-04-29 11:03:31,0,0
2434,32,instalar webcam,Não informado,2024-04-29 22:04:53,0,2024-04-29 11:04:53,0,0
2435,32,impressão contra-cheque errada,Não informado,2024-04-30 19:13:25,0,2024-04-30 08:13:25,0,0
2437,32,pc não entra Windows ,Andherson,2024-04-30 19:34:34,0,2024-04-30 08:34:17,0,0
2438,32,instalar impressora,Mariana,2024-04-30 20:58:30,0,2024-04-30 09:58:30,0,0
2439,32,pc não entra Windows,Não informado,2024-04-30 21:00:56,0,2024-04-30 10:00:56,0,0
2441,32,sem rede,Cleber,2024-04-30 22:54:42,0,2024-04-30 11:54:42,0,0
2443,32,pc não liga ,Vanessa,2024-05-02 19:22:39,0,2024-05-02 08:22:39,0,0
2444,32,colocar talho do tp na área de trabalho ,Mariana,2024-05-02 20:00:40,0,2024-05-02 09:00:40,0,0
2445,32,não consegue abrir o sistema ,Tania,2024-05-03 19:19:58,20,2024-05-03 08:19:58,0,0
2446,32,instalar opera ,Ieda,2024-05-03 19:24:42,17,2024-05-03 08:24:42,0,0
2448,32,não consegue acessar o sistema ,bruno,2024-05-03 20:17:24,0,2024-05-03 09:17:24,0,0
2449,32,pc sem internet ,catia ,2024-05-03 20:19:32,0,2024-05-03 09:19:32,0,0
2450,32,não imprime etiqueta ,diretora ,2024-05-03 21:43:39,0,2024-05-03 10:43:39,0,0
2452,32,não consegue acessar o gov.br,Silvia,2024-05-03 22:42:21,28,2024-05-03 11:06:20,0,0
2454,32,não consegue imprimir ,Norberto,2024-05-06 19:35:48,69,2024-05-06 08:35:48,0,0
2455,32,não especificado ,Não informado,2024-05-06 19:46:34,0,2024-05-06 08:46:34,0,0
2457,32,não consegue acessar o atalho do A.R,Jussara ,2024-05-06 20:06:18,67,2024-05-06 09:06:18,0,0
2458,32,instalar opera ,Cristiane,2024-05-06 20:46:01,29,2024-05-06 09:45:45,0,0
2460,32,"arrumar app da caixa, impressora ",Não informado,2024-05-06 21:06:34,0,2024-05-06 10:06:34,0,0
2461,32,instalar scanner ,Janete,2024-05-06 21:14:10,0,2024-05-06 10:14:10,0,0
2462,32,instalar opera ,Carla,2024-05-06 21:25:58,34,2024-05-06 10:25:58,0,0
2463,32,sem internet ,everaldo,2024-05-07 19:28:48,0,2024-05-07 08:28:48,0,0
2465,32,montar pc,isabel,2024-05-07 20:17:53,12,2024-05-07 09:17:53,0,0
2466,32,verificar rede 14:30,Patricia,2024-05-07 21:31:18,0,2024-05-07 10:31:18,0,0
2467,32,arrumar wi-fi,everaldo,2024-05-07 21:43:12,0,2024-05-07 10:43:12,0,0
2468,32,pc s desligando,Cesar,2024-05-07 21:55:02,0,2024-05-07 10:55:02,0,0
2471,32,instalar pc ,Mariele,2024-05-08 19:53:39,0,2024-05-08 08:53:39,0,0
2472,32,instalar computadores ,Não informado,2024-05-08 20:04:34,66,2024-05-08 09:04:34,0,0
2473,32,instalar impressora ,Mariana,2024-05-08 20:05:12,0,2024-05-08 09:05:12,0,0
2474,32,não consegue mandar documento pra impressora ,dr. Marielle   ,2024-05-08 20:58:50,0,2024-05-08 09:58:50,0,0
2476,32,não consegue acessar o G.P,roberto,2024-05-08 21:38:18,0,2024-05-08 10:38:18,0,0
2477,32,aparecendo uma mensagem na tela ,Fabricio,2024-05-09 19:41:03,28,2024-05-09 08:41:03,0,0
2478,32,não consegue acessar site,Hamilton ,2024-05-09 20:15:30,0,2024-05-09 09:14:22,0,0
2479,32,"problema na impressora, e java",Juliana ,2024-05-09 20:15:21,0,2024-05-09 09:15:21,0,0
2480,32,não especificado ,diretora ,2024-05-09 20:26:43,0,2024-05-09 09:26:43,0,0
2487,32,pc não liga ,Iraudino,2024-05-09 22:34:48,28,2024-05-09 11:34:48,0,0
2488,32,não consegue acessar site ,Não informado,2024-05-09 22:46:04,0,2024-05-09 11:46:04,0,0
2489,32,impressora não imprime ,Tania,2024-05-10 19:52:28,21,2024-05-10 08:52:28,0,0
2490,32,Cabo não conecta ,Jeferson ,2024-05-10 19:53:31,0,2024-05-10 08:53:31,0,0
2491,32,instalar java,Mariana,2024-05-10 19:55:09,0,2024-05-10 08:55:09,0,0
2493,32,não consegue mandar  para imprimir ,Maristela,2024-05-10 20:52:37,0,2024-05-10 09:52:37,0,0
2497,32,não consegue acessar site ,Jussara,2024-05-10 21:56:50,22,2024-05-10 10:56:14,0,0
2498,32,fazer a impressora funcionar ,Não informado,2024-05-10 21:57:47,21,2024-05-10 10:57:47,0,0
2499,32,arrumar impressora e ponteira,clovis,2024-05-10 22:11:20,0,2024-05-10 11:11:20,0,0
2500,32,buscar pc ,Carla,2024-05-10 22:20:27,34,2024-05-10 11:20:27,0,0
2503,32,pc não liga ,Walter,2024-05-13 19:37:53,66,2024-05-13 08:37:53,0,0
2504,32,montar pc,Tania,2024-05-13 19:39:37,21,2024-05-13 08:39:37,0,0
2506,32,montar pc,Tania,2024-05-13 19:49:24,21,2024-05-13 08:49:24,0,0
2508,32,sem internet ,Brenda,2024-05-13 20:05:28,0,2024-05-13 09:05:28,0,0
2509,32,não especificado ,Não informado,2024-05-13 20:05:54,33,2024-05-13 09:05:54,0,0
2510,32,instalar pc,Não informado,2024-05-13 21:57:08,0,2024-05-13 10:57:08,0,0
2511,32,instalar pc,Carla,2024-05-14 20:08:40,34,2024-05-14 09:08:40,0,0
2512,32,sem internet ,Ana,2024-05-14 20:47:17,0,2024-05-14 09:47:17,0,0
2514,32,estabilizador com problema ,Ricardo,2024-05-14 20:54:39,0,2024-05-14 09:54:39,0,0
2515,32,instalar impressora,Carla,2024-05-14 21:19:16,34,2024-05-14 10:19:16,0,0
2516,32,sem rede ,Não informado,2024-05-14 21:19:45,0,2024-05-14 10:19:45,0,0
2519,32,sistema operacional não funciona ,cejane,2024-05-14 22:22:49,27,2024-05-14 11:22:49,0,0
2520,32,problema com a impressora,Não informado,2024-05-14 22:42:18,0,2024-05-14 11:42:18,0,0
2521,32,não especificado ,Não informado,2024-05-15 19:39:23,0,2024-05-15 08:39:23,0,0
2524,32,pc não inicia ,Luciano,2024-05-15 19:47:31,29,2024-05-15 08:47:31,0,0
2525,32,pc se desligando,Cejane,2024-05-15 19:50:13,27,2024-05-15 08:50:13,0,0
2526,32,"trocar cabos, e senha ",estágiarios,2024-05-15 19:56:09,0,2024-05-15 08:56:09,0,0
2527,32,não especificado ,Fatima,2024-05-15 20:11:40,27,2024-05-15 09:11:40,0,0
2528,32,fazer ponteira,Jeferson ,2024-05-15 20:12:45,0,2024-05-15 09:12:45,0,0
2529,32,sem internet ,Tania,2024-05-15 20:16:08,40,2024-05-15 09:16:08,0,0
2531,32,pc só carrega na tela inicial ,rosa,2024-05-15 20:32:00,0,2024-05-15 09:32:00,0,0
2532,32,pc não liga ,Alexandre,2024-05-15 20:52:46,0,2024-05-15 09:52:46,0,0
2534,15,"Restaurante popular, ponteira",Não informado,2024-05-15 22:28:29,0,2024-05-15 11:28:29,0,0
2535,15,Internet,Hamilton,2024-05-15 22:28:54,8,2024-05-15 11:28:54,0,0
2538,32,sem internet ,Daiany,2024-05-16 19:27:58,10,2024-05-16 08:27:39,0,0
2540,32,atalho de sites,Tania,2024-05-16 19:37:01,21,2024-05-16 08:37:01,0,0
2541,32,trocar usuario ,Não informado,2024-05-16 19:53:18,0,2024-05-16 08:53:18,0,0
2543,32,não especificado ,Carla,2024-05-16 20:40:50,34,2024-05-16 09:40:50,0,0
2546,32,pc se desligando ,ricardo,2024-05-16 21:19:10,0,2024-05-16 10:19:10,0,0
2548,32,"mensagem na tela, não consegue executar app",Ana paula ,2024-05-16 21:20:41,0,2024-05-16 10:20:41,0,0
2549,32,pc se desligando ,4,2024-05-16 21:49:07,0,2024-05-16 10:49:07,0,0
2551,32,pc se iniciando ,Luciano,2024-05-16 22:52:39,29,2024-05-16 11:52:39,0,0
2552,32,sem internet,Não informado,2024-05-17 19:19:35,0,2024-05-17 08:19:35,0,0
2554,32,sem internet ,Arlindo,2024-05-17 19:28:18,0,2024-05-17 08:28:18,0,0
2556,32,trocar pc de lugar,rose,2024-05-17 20:08:59,0,2024-05-17 09:08:59,0,0
2557,32,não consegue imprimir ,Luciano,2024-05-17 21:06:59,29,2024-05-17 10:06:59,0,0
2559,32,instalar pc,vera,2024-05-17 21:43:55,34,2024-05-17 10:43:55,0,0
2560,32,não consegue imprimir ,Tania,2024-05-17 22:17:23,21,2024-05-17 11:17:23,0,0
2561,36,Pc não liga,Não informado,2024-05-20 00:00:00,0,2024-05-17 12:45:09,0,0
2563,32,pc não liga ,Tania,2024-05-20 19:19:34,21,2024-05-20 08:19:34,0,0
2566,32,pc pedindo senha e cabo para internet ,Miguelina,2024-05-20 20:06:32,0,2024-05-20 09:06:15,0,0
2568,32,verificar internet ,Jaqueline ,2024-05-20 20:20:23,0,2024-05-20 09:20:23,0,0
2569,32,instalar novo sistema gov,Não informado,2024-05-20 20:31:00,0,2024-05-20 09:31:00,0,0
2570,32,pc não liga,vera ,2024-05-20 20:31:53,34,2024-05-20 09:31:53,0,0
2571,32,levantamento de máquina ,Não informado,2024-05-20 20:40:55,0,2024-05-20 09:40:55,0,0
2572,32,instalar gov,Janete,2024-05-20 20:42:48,0,2024-05-20 09:42:48,0,0
2575,32,tela azul,picoli,2024-05-20 21:22:28,0,2024-05-20 10:22:28,0,0
2576,32,instalar pc,Luciano,2024-05-20 21:23:04,29,2024-05-20 10:23:04,0,0
2577,32,atalho da gov,Rodrigo ,2024-05-20 21:36:47,20,2024-05-20 10:36:47,0,0
2580,32,não especificado ,Hamilton,2024-05-20 22:23:20,0,2024-05-20 11:23:20,0,0
2581,32,instalar pc ,Luciano,2024-05-20 22:24:00,29,2024-05-20 11:24:00,0,0
2583,32,sem acesso ao gov,4,2024-05-21 19:19:05,0,2024-05-21 08:19:05,0,0
2584,32,Não entra o gov,diretora ,2024-05-21 19:52:38,0,2024-05-21 08:52:38,0,0
2586,32,Não consegue acessar o gov,Olivia ,2024-05-21 19:55:18,28,2024-05-21 08:55:18,0,0
2587,32,pc não liga ,Miguelina,2024-05-21 20:06:49,0,2024-05-21 09:06:49,0,0
2588,32,pc não entronou o caminho da impressora ,Não informado,2024-05-21 20:14:21,0,2024-05-21 09:14:21,0,0
2590,32,terminar de instalar pc ,Denise e Hamilton,2024-05-21 20:27:45,0,2024-05-21 09:20:01,0,0
2593,32,pc não liga ,Pereira,2024-05-21 20:29:03,0,2024-05-21 09:29:03,0,0
2594,32,sem rede ,Barbara,2024-05-21 20:40:28,34,2024-05-21 09:40:28,0,0
2596,32,configurar pc nas impressoras ,Janete,2024-05-21 20:58:40,0,2024-05-21 09:58:40,0,0
2597,32,não consegue imprimir ,51 rodrigo,2024-05-21 22:21:52,20,2024-05-21 11:03:46,0,0
2598,15,Verificar Pc ,Não informado,2024-05-21 22:22:23,0,2024-05-21 11:22:23,0,0
2601,32,desbloquear o acesso a  internet ,Luana,2024-05-22 20:37:54,0,2024-05-22 09:37:54,0,0
2602,32,instalar pc ,Não informado,2024-05-22 20:49:40,29,2024-05-22 09:49:40,0,0
2603,32,não especificado ,Rosa Maria,2024-05-22 21:38:42,0,2024-05-22 10:17:54,0,0
2604,32,colocar atalho do gov ,Mariana,2024-05-22 21:18:42,0,2024-05-22 10:18:42,0,0
2606,32,instalar pastas ,Luciano,2024-05-22 21:54:49,29,2024-05-22 10:54:49,0,0
2607,15,Impressora,Valdomiro,2024-05-22 22:06:20,30,2024-05-22 11:06:20,0,0
2608,32,sem acesso ao expediente ,Barbara,2024-05-22 22:30:39,34,2024-05-22 11:30:39,0,0
2610,32,pc se desligando ,Emanueli,2024-05-23 20:09:02,0,2024-05-23 09:09:02,0,0
2612,32,pc não liga,4,2024-05-23 20:56:49,0,2024-05-23 09:50:18,0,0
2613,32,sem internet ,Não informado,2024-05-23 21:23:44,0,2024-05-23 10:23:44,0,0
2616,32,sem internet ,João,2024-05-24 20:39:27,28,2024-05-24 09:39:27,0,0
2618,32,não especificado ,bibiana,2024-05-24 21:08:07,0,2024-05-24 10:08:07,0,0
2619,32,colocar impressora,Luiz,2024-05-24 21:33:30,0,2024-05-24 10:33:30,0,0
2620,32,esqueceu a senha ,rosa,2024-05-24 21:44:38,0,2024-05-24 10:44:38,0,0
2623,32,instalar gov,Jussara,2024-05-27 19:33:57,66,2024-05-27 08:20:57,0,0
2626,32,instalar gov ,João,2024-05-27 19:47:43,0,2024-05-27 08:47:43,0,0
2627,32,instalar máquina,Não informado,2024-05-27 20:12:57,0,2024-05-27 09:12:57,0,0
2628,32,sem internet ,Daiane ,2024-05-27 21:51:32,0,2024-05-27 10:51:32,0,0
2629,32,arrumar t.p,Não informado,2024-05-27 22:01:30,0,2024-05-27 11:01:30,0,0
2630,21,Computador,Patricia,2024-05-28 01:26:05,62,2024-05-27 14:25:27,0,0
2632,32,cabo ,Não informado,2024-05-28 20:58:04,0,2024-05-28 09:58:04,0,0
2634,32,montar pc,Bibiana,2024-05-28 21:26:47,0,2024-05-28 10:26:47,0,0
2636,32,configurar impressora ,Denise,2024-05-28 22:19:27,0,2024-05-28 11:19:27,0,0
2639,32,não consegue escanear ,Denise,2024-05-29 19:42:58,0,2024-05-29 08:38:20,0,0
2641,32,instalar impressora,Carla,2024-05-29 20:29:46,34,2024-05-29 09:29:46,0,0
2642,32,link errado,Não informado,2024-05-29 20:35:15,23,2024-05-29 09:35:15,0,0
2644,32,arrumar scanner ,Denise,2024-05-29 20:58:56,0,2024-05-29 09:58:56,0,0
2645,32,não especificado ,Anabela,2024-05-29 22:21:10,0,2024-05-29 11:21:10,0,0
2646,32,sem internet ,João,2024-05-29 22:21:31,28,2024-05-29 11:21:31,0,0
2647,32,sem internet ,João,2024-05-29 22:42:08,28,2024-05-29 11:42:08,0,0
2648,32,não consegue imprimir ,Tania,2024-05-31 19:49:11,21,2024-05-31 08:49:11,0,0
2650,32,"bloqueio, não consegue enviar nada par o site STN",Irton ,2024-05-31 21:25:17,32,2024-05-31 10:25:17,0,0
2652,32,não consegue acessar lançamentos do banco,Walter,2024-06-03 19:21:44,29,2024-06-03 08:21:44,0,0
2654,32,não especificado ,Jeferson ,2024-06-03 19:54:02,0,2024-06-03 08:54:02,0,0
2655,32,sem internet ,Não informado,2024-06-03 20:00:20,41,2024-06-03 09:00:20,0,0
2656,32,configuração do not,Daiane,2024-06-03 20:29:30,0,2024-06-03 09:29:30,0,0
2658,32,sem acesso ao banco ,Walter,2024-06-03 21:26:14,29,2024-06-03 10:26:14,0,0
2660,32,pc não liga ,Não informado,2024-06-03 21:50:45,0,2024-06-03 10:50:45,0,0
2661,32,Não acha os arquivos ,Fant,2024-06-03 21:53:18,28,2024-06-03 10:53:18,0,0
2662,32,mapear a rede ,Jeferson ,2024-06-03 21:53:59,34,2024-06-03 10:53:59,0,0
2663,32,instalar nova versão do word ,rosa,2024-06-03 22:32:59,0,2024-06-03 11:32:59,0,0
2665,32,não consegue acessar o word,Ana,2024-06-04 19:39:50,45,2024-06-04 08:39:50,0,0
2666,32, fazer uma conexão,vera,2024-06-04 19:45:55,34,2024-06-04 08:44:45,0,0
2667,32, fazer uma conexão,vera,2024-06-04 19:46:21,34,2024-06-04 08:46:21,0,0
2668,32,perdeu o acesso aos arquivos,Janete,2024-06-04 19:47:04,0,2024-06-04 08:47:04,0,0
2671,32,instalar pc ,Não informado,2024-06-04 20:43:15,0,2024-06-04 09:43:15,0,0
2673,32,sem scanner nas máquinas ,Antonio,2024-06-04 21:13:56,24,2024-06-04 10:13:56,0,0
2675,32,não consegue achar os arquivos ,Arlindo,2024-06-04 21:30:38,28,2024-06-04 10:30:38,0,0
2680,32,não consegue acessar site da presidência ,Olivia ,2024-06-05 19:17:33,28,2024-06-05 08:17:33,0,0
2681,32,mapear impressora ,cesar,2024-06-05 19:53:15,0,2024-06-05 08:53:15,0,0
2682,32,mapear impressora,cesar,2024-06-05 20:06:42,0,2024-06-05 09:06:42,0,0
2683,32,não consegue acessar o cadúnico,Não informado,2024-06-05 20:34:01,41,2024-06-05 09:25:10,0,0
2684,32,impressora não imprime ,Walter,2024-06-05 23:14:17,29,2024-06-05 11:47:40,0,0
2689,32,configurar impressora,ney,2024-06-06 19:51:22,26,2024-06-06 08:51:22,0,0
2691,32,instalar o gov ,Walter,2024-06-06 20:53:57,29,2024-06-06 09:53:57,0,0
2692,32,não consegue acessar sistema ,bruna,2024-06-06 21:24:41,0,2024-06-06 10:24:41,0,0
2694,32,teclado não funciona ,isabel ,2024-06-06 21:32:48,0,2024-06-06 10:32:48,0,0
2695,32,pc não liga ,Maria clara,2024-06-07 19:47:49,0,2024-06-07 08:47:49,0,0
2698,32,impressora não imprime ,Walter,2024-06-07 21:20:49,26,2024-06-07 10:20:49,0,0
2700,32,pc não liga ,Valdir,2024-06-07 21:36:45,30,2024-06-07 10:36:45,0,0
2701,32,buscar pc,daiane,2024-06-07 21:50:54,0,2024-06-07 10:50:54,0,0
2703,32,pc pedindo atualizações ,Sandra,2024-06-07 22:10:14,28,2024-06-07 11:10:14,0,0
2704,32,arrumar pc ,clenair,2024-06-07 22:38:30,41,2024-06-07 11:38:17,0,0
2706,32,pc não liga ,Valeria,2024-06-10 20:02:13,28,2024-06-10 09:02:13,0,0
2707,32,não especificado ,Não informado,2024-06-10 20:43:55,40,2024-06-10 09:43:55,0,0
2708,32,sem internet ,Não informado,2024-06-10 20:44:31,0,2024-06-10 09:44:23,0,0
2710,32,problema na planilha ,estágiaria,2024-06-10 21:46:29,0,2024-06-10 10:46:29,0,0
2713,32,não especificado ,Não informado,2024-06-11 19:40:17,40,2024-06-11 08:40:17,0,0
2715,32,pc não liga ,milena,2024-06-11 21:18:42,30,2024-06-11 10:18:42,0,0
2717,32, direcionar internet ,Jeferson ,2024-06-12 19:27:19,34,2024-06-12 08:27:19,0,0
2719,32,aparece mensagem d domínio  ,paulo,2024-06-12 19:42:28,27,2024-06-12 08:42:28,0,0
2720,32,pc não liga e outro não imprime ,janete ,2024-06-12 19:52:39,54,2024-06-12 08:52:39,0,0
2722,32,instalar programa de digitalizar ,Bruno,2024-06-12 20:53:37,8,2024-06-12 09:53:37,0,0
2725,32,não consegue abrir arquivo,Daniela,2024-06-13 19:49:41,0,2024-06-13 08:49:41,0,0
2730,32,não especificado ,Não informado,2024-06-14 21:20:04,0,2024-06-14 10:20:04,0,0
2731,32,problema no monitor ,4,2024-06-14 21:20:27,0,2024-06-14 10:20:27,0,0
2732,32,pc não liga ,Não informado,2024-06-14 21:20:58,0,2024-06-14 10:20:58,0,0
2734,32,pc não liga ,Não informado,2024-06-17 19:57:06,0,2024-06-17 08:57:06,0,0
2736,32,não especificado ,Juliane ,2024-06-17 20:28:54,0,2024-06-17 09:28:54,0,0
2737,32,arrumar e-mail ,51 valdir,2024-06-17 21:16:32,30,2024-06-17 10:16:32,0,0
2738,32,não consegue acessar o cadúnico ,Najyla,2024-06-17 21:31:21,39,2024-06-17 10:31:21,0,0
2740,32,não consegue baixar nada no pc,João,2024-06-18 21:08:24,0,2024-06-18 10:08:24,0,0
2743,32,Tela preta ,Luciano ,2024-06-19 20:11:52,29,2024-06-19 09:11:52,0,0
2744,32,Pc não liga ,ana,2024-06-19 20:12:26,54,2024-06-19 09:12:26,0,0
2745,32,Sem rede,Não informado,2024-06-19 22:02:58,40,2024-06-19 11:02:58,0,0
2746,32,aparecendo mensagens na tela ,Claudio ,2024-06-20 19:53:09,0,2024-06-20 08:53:09,0,0
2747,32,não consegue imprimir ,Sincler ,2024-06-20 19:53:40,27,2024-06-20 08:53:40,0,0
2749,32,ver se consegue por um cabo de rede no pc,Lucia ,2024-06-20 20:30:40,0,2024-06-20 08:56:15,0,0
2752,32,login inválido ,Isabel,2024-06-20 20:35:53,0,2024-06-20 09:35:53,0,0
2754,32,HDMI com problema ,vitor,2024-06-20 21:05:53,34,2024-06-20 10:05:53,0,0
2755,32,sem rede ,jeferson,2024-06-20 21:06:35,34,2024-06-20 10:06:35,0,0
2756,32,sem rede,Jeferson,2024-06-20 21:07:10,34,2024-06-20 10:07:10,0,0
2757,32,HDMI com problema,Vitor,2024-06-20 21:07:32,34,2024-06-20 10:07:32,0,0
2758,32,não consegue visualizar um pdf,Clara,2024-06-20 21:10:54,29,2024-06-20 10:10:54,0,0
2760,32,impressora dando sobre carga,rosa,2024-06-20 21:27:56,0,2024-06-20 10:27:56,0,0
2763,32,configurar impressora ,Fatima,2024-06-20 22:08:26,24,2024-06-20 11:08:26,0,0
2767,32,Monitor não liga ,Mariane ,2024-06-24 19:14:35,0,2024-06-24 08:14:35,0,0
2771,32,Não consegue acessar com a senha ,Bruna ,2024-06-24 20:21:32,33,2024-06-24 09:21:32,0,0
2772,32,sem internet ,Não informado,2024-06-24 20:49:21,0,2024-06-24 09:49:21,0,0
2773,32,problema na impressora ,Não informado,2024-06-24 20:52:30,0,2024-06-24 09:52:30,0,0
2775,32,problema no A.R,anderson gonzales ,2024-06-24 21:06:47,0,2024-06-24 10:06:47,0,0
2776,32,instalar pc ,sandra,2024-06-24 21:11:00,28,2024-06-24 10:11:00,0,0
2779,32,pc sem internet ,Antonio,2024-06-25 19:53:27,0,2024-06-25 08:53:27,0,0
2782,32,sem acesso a rede ,Não informado,2024-06-25 20:46:11,0,2024-06-25 09:46:11,0,0
2784,32,pc não liga,Hamilton,2024-06-25 21:08:32,0,2024-06-25 10:08:32,0,0
2786,32,problema no estabilizador,roberto,2024-06-26 19:30:10,21,2024-06-26 08:30:10,0,0
2787,32,não consegue salvar arquivos na area de trabalho ,Claudio ,2024-06-26 19:45:28,0,2024-06-26 08:45:28,0,0
2790,32,não especificado ,Cansio,2024-06-26 20:12:36,66,2024-06-26 09:12:36,0,0
2792,32,Não consegue abrir arquivos ,Caroline,2024-06-26 20:58:48,0,2024-06-26 09:58:48,0,0
2793,32,telefone com problema ,Alisson ,2024-06-26 21:01:13,0,2024-06-26 10:01:13,0,0
2794,32,instalar pc  p 5110h,Não informado,2024-06-26 21:37:02,0,2024-06-26 10:37:02,0,0
2795,36,Instalar programas,Não informado,2024-02-27 00:00:00,0,2024-06-26 12:11:49,0,0
2798,32,pc não liga ,Ana paula,2024-06-27 19:34:02,0,2024-06-27 08:34:02,0,0
2799,32,arrumar impressora ,Tania,2024-06-27 20:22:27,21,2024-06-27 09:22:27,0,0
2801,32,instalar impressora ,Tania,2024-06-27 20:25:58,0,2024-06-27 09:25:58,0,0
2802,32,monitor com problema ,Denise,2024-06-27 20:28:11,0,2024-06-27 09:28:11,0,0
2803,32,não especificado ,Ana paula,2024-06-27 20:59:50,0,2024-06-27 09:59:50,0,0
2804,32,problema na impressora ,ricardo,2024-06-27 22:01:59,27,2024-06-27 11:01:59,0,0
2807,32,instalar pc e fazer ponteira,Leandro,2024-06-28 20:18:27,0,2024-06-28 09:08:33,0,0
2808,32,instalar pc e fazer ponteira,Leandro,2024-06-28 20:20:03,0,2024-06-28 09:20:03,0,0
2809,32,pc não liga ,roberto,2024-06-28 20:42:13,0,2024-06-28 09:42:13,0,0
2810,32,sem Firefox,Fabio,2024-06-28 20:57:47,0,2024-06-28 09:57:47,0,0
2811,32,login ,estagiario,2024-06-28 21:53:18,28,2024-06-28 10:53:18,0,0
2814,32,pc sem internet ,Claudiomir,2024-06-28 22:42:24,24,2024-06-28 11:42:24,0,0
2817,32,estabilizador não liga ,Lucia,2024-07-01 19:36:40,0,2024-07-01 08:36:40,0,0
2819,32,pc não liga ,daniela,2024-07-01 19:38:11,0,2024-07-01 08:38:11,0,0
2820,32,não especificado ,Não informado,2024-07-01 22:06:34,0,2024-07-01 11:06:34,0,0
2821,32,não imprime,tania,2024-07-01 22:10:58,21,2024-07-01 11:10:58,0,0
2823,32,pc não liga,Pamela,2024-07-02 19:40:56,0,2024-07-02 08:40:56,0,0
2824,32,instalar impressora no pc ,Não informado,2024-07-02 20:24:26,0,2024-07-02 09:24:26,0,0
2825,32,arrumar planilha,Claudiomir,2024-07-02 20:46:11,21,2024-07-02 09:46:11,0,0
2826,32,tela verde,milena,2024-07-02 22:26:22,30,2024-07-02 11:26:22,0,0
2828,32,pc não liga ,luciano,2024-07-03 20:09:15,29,2024-07-03 09:09:15,0,0
2831,32,Pc ñ da video / problema no scanner,ana,2024-07-03 21:31:48,0,2024-07-03 10:31:48,0,0
2833,32,pc não liga ,Claudiomir,2024-07-03 22:31:09,21,2024-07-03 11:31:09,0,0
2834,32,instalar impressora no pc,Tania,2024-07-03 22:32:04,20,2024-07-03 11:32:04,0,0
2835,23,pc não liga ,Paulo,2024-07-04 19:30:27,7,2024-07-04 08:30:27,0,0
2836,23,problema no scanner,Não informado,2024-07-04 19:49:07,0,2024-07-04 08:49:07,0,0
2837,23,não especificado ,Hamilton,2024-07-04 20:20:35,66,2024-07-04 09:20:35,0,0
2839,23,acessar arquivo,rosie,2024-07-05 20:51:57,51,2024-07-05 09:51:57,0,0
2840,23,instalar pc ,Tania,2024-07-05 21:37:38,21,2024-07-05 10:37:38,0,0
2843,32,montar pc ,everaldo,2024-07-08 19:38:22,0,2024-07-08 08:38:22,0,0
2844,32,não especificado ,maristela,2024-07-08 19:44:31,0,2024-07-08 08:44:31,0,0
2846,32,pc não liga ,Não informado,2024-07-08 20:06:10,45,2024-07-08 09:06:10,0,0
2847,32,instalar impressora e um cabo de rede maior,gean,2024-07-08 20:06:29,0,2024-07-08 09:06:29,0,0
2849,32,não imprime etiqueta ,Não informado,2024-07-08 20:29:25,0,2024-07-08 09:29:25,0,0
2851,32,fazer login,Antonio,2024-07-08 22:12:04,17,2024-07-08 11:12:04,0,0
2852,32,não especificado ,ju,2024-07-09 19:36:19,0,2024-07-09 08:36:19,0,0
2854,32,internet caindo,crys,2024-07-09 21:12:52,20,2024-07-09 10:12:52,0,0
2855,32,clipar o cabo,Não informado,2024-07-09 22:00:06,61,2024-07-09 11:00:06,0,0
2856,32,acusa remover papel,Não informado,2024-07-09 22:02:37,0,2024-07-09 11:02:37,0,0
2857,32,sem acesso ao banrisul,cristiane,2024-07-09 22:23:38,0,2024-07-09 11:23:38,0,0
2860,32,"se m internet, ip inválido ",Najyla,2024-07-10 19:48:54,39,2024-07-10 08:48:54,0,0
2861,32,não consegue imprimir matriculas ,Jaqueline,2024-07-10 20:22:42,0,2024-07-10 09:22:42,0,0
2862,32,configurar pc ,marcelo,2024-07-10 20:23:08,0,2024-07-10 09:23:08,0,0
2863,32,sistema não abre ,juliano,2024-07-10 20:50:26,29,2024-07-10 09:49:42,0,0
2866,32,por acesso ao gov,Hamilton,2024-07-10 22:24:40,0,2024-07-10 11:24:40,0,0
2867,32,sem acesso ,isabel,2024-07-10 22:39:04,0,2024-07-10 11:39:04,0,0
2869,32,papel trancado na impressora,carol,2024-07-11 19:45:12,0,2024-07-11 08:23:50,0,0
2872,32,pc não liga ,cesar,2024-07-11 20:25:44,0,2024-07-11 09:25:44,0,0
2873,32,pc não liga ,cesar,2024-07-11 20:26:21,0,2024-07-11 09:26:21,0,0
2874,32,pc se desligando ,Não informado,2024-07-11 20:35:49,0,2024-07-11 09:35:49,0,0
2875,32,pc não liga ,Não informado,2024-07-11 20:36:41,0,2024-07-11 09:36:04,0,0
2878,32,pc se desligando ,roberto ,2024-07-11 21:13:30,0,2024-07-11 10:13:30,0,0
2880,32,ajustar pc ,Karla,2024-07-11 22:45:58,34,2024-07-11 11:45:58,0,0
2884,32,scanner Desconfigurou ,Tania,2024-07-12 20:09:48,21,2024-07-12 09:09:48,0,0
2885,32,pc se desligando ,cecilia,2024-07-12 20:11:22,45,2024-07-12 09:11:22,0,0
2886,32,não consegue imprimir,Não informado,2024-07-12 20:12:57,44,2024-07-12 09:12:57,0,0
2887,32,instalar pc,Não informado,2024-07-12 20:13:59,0,2024-07-12 09:13:59,0,0
2889,32,sem acesso ao pc,Ianca,2024-07-15 19:37:55,0,2024-07-15 08:37:55,0,0
2890,32,sem internet ,Não informado,2024-07-15 20:35:51,0,2024-07-15 09:35:51,0,0
2891,32,não consegue abrir arquivos da licença ,mariana,2024-07-15 20:50:43,0,2024-07-15 09:50:43,0,0
2893,32,guichê 3 perdeu os atalhos e impressora imprimindo frente e verso,Tania,2024-07-15 21:34:52,21,2024-07-15 10:34:52,0,0
2894,32,sem internet no pc,Não informado,2024-07-15 22:05:20,0,2024-07-15 10:35:13,0,0
2896,32,queimou monitor ,denise,2024-07-15 22:06:34,0,2024-07-15 11:06:34,0,0
2897,32,problema no SITAP,Hamilton,2024-07-15 22:12:05,23,2024-07-15 11:12:05,0,0
2898,32,configurar pc ,Hamilton,2024-07-18 19:50:39,0,2024-07-16 10:44:06,0,0
2899,32,impressora manchando tudo,carol,2024-07-16 21:44:40,0,2024-07-16 10:44:40,0,0
2900,32,sem internet ,Não informado,2024-07-16 21:45:32,0,2024-07-16 10:45:32,0,0
2903,32,pc não liga ,beto,2024-07-17 19:43:08,27,2024-07-17 08:43:08,0,0
2904,32,impressora imprimindo frente verso guichê 1 e 2,Claudiomir,2024-07-17 20:02:13,21,2024-07-17 09:02:13,0,0
2905,32,instalar computador ,edson,2024-07-17 20:33:03,0,2024-07-17 09:33:03,0,0
2906,32,impressora reiniciando sozinha,carol,2024-07-17 21:42:46,0,2024-07-17 10:42:46,0,0
2907,32,configurar pc ,Não informado,2024-07-18 19:31:57,0,2024-07-18 08:31:57,0,0
2908,32,ativar word,Não informado,2024-07-18 19:53:16,0,2024-07-18 08:53:16,0,0
2909,32,problema no cabo de rede,Não informado,2024-07-18 20:01:22,0,2024-07-18 09:01:22,0,0
2911,32,pc não liga ,estagiario,2024-07-18 20:36:55,0,2024-07-18 09:36:55,0,0
2912,32,sem internet ,Não informado,2024-07-18 22:07:33,0,2024-07-18 11:07:33,0,0
2913,32,configurar impressora,Não informado,2024-07-18 22:39:57,0,2024-07-18 11:39:57,0,0
2915,32,pc não liga ,Não informado,2024-07-19 19:42:09,0,2024-07-19 08:42:09,0,0
2916,32,pc se desligando,vice,2024-07-22 20:39:48,0,2024-07-22 09:39:48,0,0
2917,32,restaurar sistema,Não informado,2024-07-22 20:40:04,0,2024-07-22 09:40:04,0,0
2919,32,pc não liga ,cleide,2024-07-23 19:17:30,47,2024-07-23 08:17:30,0,0
2923,32,não consegue imprimir,jose,2024-07-23 19:50:26,46,2024-07-23 08:50:26,0,0
2924,32,não especificado ,maria lucia ,2024-07-23 19:52:43,0,2024-07-23 08:52:43,0,0
2925,32,pc não liga,Tania,2024-07-23 20:28:29,21,2024-07-23 09:28:29,0,0
2926,32,problema no scanner ,Não informado,2024-07-23 20:35:37,0,2024-07-23 09:35:37,0,0
2927,32,instalar pc ,patricia,2024-07-23 21:03:44,0,2024-07-23 10:03:44,0,0
2928,32,pc não incia ,luciano,2024-07-24 20:43:06,29,2024-07-24 09:43:06,0,0
2929,32,nao informado,Não informado,2024-07-24 23:23:13,20,2024-07-24 12:23:13,0,0
2931,32,sem internet ,jussara,2024-07-25 19:35:33,66,2024-07-25 08:35:33,0,0
2933,32,não consegue acessar o crea e google,mariele,2024-07-25 20:21:47,33,2024-07-25 09:21:47,0,0
2935,32,pc não liga ,João,2024-07-29 19:32:06,0,2024-07-29 08:32:06,0,0
2936,32,configurar pc ,ecilma,2024-07-29 20:00:20,0,2024-07-29 09:00:20,0,0
2937,32,não especificado ,Não informado,2024-07-29 20:00:35,0,2024-07-29 09:00:35,0,0
2938,32,Pc não liga ,Estagiários ,2024-07-29 20:54:50,0,2024-07-29 09:27:06,0,0
2940,32,Problema com certificado digital ,Alexandre ,2024-07-29 21:39:19,0,2024-07-29 10:39:19,0,0
2943,32,Ligar pc,Estagiários ,2024-07-30 19:26:41,0,2024-07-30 08:26:41,0,0
2944,32,Instalação de cabos ,Cecília ,2024-07-30 19:51:54,4,2024-07-30 08:51:54,0,0
2945,32,Impressora não imprime ,Tânia ,2024-07-30 20:10:08,21,2024-07-30 09:10:08,0,0
2946,32,instalar impressora no pc ,Não informado,2024-07-30 20:53:48,0,2024-07-30 09:53:48,0,0
2947,32,Problema na rede ,4,2024-07-30 21:33:31,0,2024-07-30 10:33:31,0,0
2948,32,instalar PC,jacque,2024-07-30 22:42:51,0,2024-07-30 11:42:51,0,0
2951,32,sem internet ,Adriana,2024-07-31 20:05:12,0,2024-07-31 09:05:12,0,0
2952,32,sem acesso a pasta,isadora,2024-07-31 20:05:54,49,2024-07-31 09:05:54,0,0
2954,32,conta expirou ,ANDRESSA,2024-07-31 21:32:02,0,2024-07-31 09:58:11,0,0
2956,32,guiche 4 sem internet,Tania,2024-07-31 21:27:10,21,2024-07-31 10:27:10,0,0
2957,32,instalar certificado digital,Jaqueline,2024-07-31 21:27:54,0,2024-07-31 10:27:54,0,0
2959,32,pc não liga ,estagiario,2024-08-01 20:04:38,0,2024-08-01 09:04:38,0,0
2962,32,sem acesso a rede ,lisandro,2024-08-01 21:14:14,0,2024-08-01 10:14:14,0,0
2963,32,Pc não liga ,Não informado,2024-08-01 21:16:21,4,2024-08-01 10:16:21,0,0
2964,32,Instala módulo de segurança ,Jeferson ,2024-08-01 21:35:47,34,2024-08-01 10:35:47,0,0
2965,32,Perdeu o caminho da impressora ,Cadine ,2024-08-01 21:57:31,21,2024-08-01 10:57:23,0,0
2966,15,Pc nao liga,Ney,2024-08-01 23:18:00,26,2024-08-01 12:18:00,0,0
2968,32,Buscar Pc ,Não informado,2024-08-02 21:10:50,0,2024-08-02 10:10:50,0,0
2972,32,montar pc ,Ianca,2024-08-05 19:39:10,0,2024-08-05 08:39:10,0,0
2973,32,arrumar data e hora ,diego ,2024-08-05 19:54:57,66,2024-08-05 08:54:57,0,0
2974,32,instalar pc ,najyla,2024-08-05 21:08:50,39,2024-08-05 10:08:50,0,0
2975,32,instalar impressora ,daiane,2024-08-05 21:49:55,0,2024-08-05 10:49:55,0,0
2976,32,não especificado ,Não informado,2024-08-06 21:57:55,0,2024-08-06 10:57:55,0,0
2977,32,não especificado ,Fanti,2024-08-06 21:58:21,28,2024-08-06 10:58:21,0,0
2978,32,não especificado ,51,2024-08-06 21:59:27,0,2024-08-06 10:59:27,0,0
2980,32,Configurar scanner ,Silva ,2024-08-06 22:58:39,28,2024-08-06 11:58:39,0,0
2983,32,pc não liga ,Tania,2024-08-07 19:19:56,21,2024-08-07 08:19:56,0,0
2984,32,Sem internet ,Não informado,2024-08-07 21:02:29,0,2024-08-07 10:02:29,0,0
2986,32,Instalar scanner ,Claudio ,2024-08-07 21:11:59,0,2024-08-07 10:11:59,0,0
2987,32,sem internet ,Não informado,2024-08-07 21:39:25,0,2024-08-07 10:39:25,0,0
2989,32,remapear impressora ,marcelo,2024-08-07 22:28:55,0,2024-08-07 11:28:55,0,0
2991,32,sem internet ,Não informado,2024-08-07 22:57:17,0,2024-08-07 11:57:17,0,0
2992,32,bloquear planilha,Cristina,2024-08-07 23:00:22,0,2024-08-07 12:00:22,0,0
2995,32,sem internet ,Não informado,2024-08-08 19:27:28,0,2024-08-08 08:27:28,0,0
2998,32,sem internet ,Ana paula,2024-08-08 19:47:19,0,2024-08-08 08:47:19,0,0
3001,32,pc perdeu caminho da impressora ,Tania,2024-08-08 20:20:34,21,2024-08-08 09:20:34,0,0
3002,32,instalar scanner,Não informado,2024-08-08 20:21:18,34,2024-08-08 09:21:18,0,0
3003,32,sem internet ,roberto,2024-08-08 20:22:46,0,2024-08-08 09:22:46,0,0
3004,32,Instalar Pc,Secretaria ,2024-08-08 21:28:35,0,2024-08-08 10:28:35,0,0
3005,32,Impressora não imprime ,Valeria ,2024-08-08 22:46:25,28,2024-08-08 11:46:25,0,0
3007,32,instalar pc,Não informado,2024-08-09 19:22:08,0,2024-08-09 08:22:08,0,0
3009,32,pc sem internet ,paulo,2024-08-09 21:03:29,0,2024-08-09 10:03:29,0,0
3011,32,não consegue mandar p imprimir ,Thiago,2024-08-09 21:52:56,46,2024-08-09 10:52:56,0,0
3015,32,pc não liga ,ney,2024-08-12 19:30:50,26,2024-08-12 08:30:50,0,0
3016,32,não consegue acessar usuario,estagiario,2024-08-12 19:32:00,0,2024-08-12 08:32:00,0,0
3018,32,não consegue acessar usuario,Não informado,2024-08-12 19:43:41,0,2024-08-12 08:43:41,0,0
3019,32,"sem rede, sem sinal telefone, not sem sistema de impressão ",cecilia,2024-08-12 19:58:19,45,2024-08-12 08:58:19,0,0
3020,32,pc não liga ,ana,2024-08-12 20:08:05,0,2024-08-12 09:08:05,0,0
3023,32,imprimindo frente e verso,Tania,2024-08-12 20:58:19,21,2024-08-12 09:58:19,0,0
3024,32,não consegue editar office ,Não informado,2024-08-12 20:58:52,0,2024-08-12 09:58:52,0,0
3025,32,problema o estabilizador ,bruno,2024-08-12 21:00:21,0,2024-08-12 10:00:21,0,0
3026,32,papel preso na impressora ,Não informado,2024-08-12 21:36:20,0,2024-08-12 10:36:20,0,0
3028,32,montar monitor,Ecilma,2024-08-13 00:10:19,0,2024-08-12 13:10:19,0,0
3029,32,montar monitor,Não informado,2024-08-13 19:19:50,0,2024-08-13 08:19:50,0,0
3030,32,configurar monitor,Não informado,2024-08-13 19:27:09,0,2024-08-13 08:27:09,0,0
3032,32,Problema no token,Gean,2024-08-13 21:22:33,0,2024-08-13 10:22:33,0,0
3033,32,login ,estagiarios,2024-08-14 19:20:16,0,2024-08-14 08:20:16,0,0
3035,32,sem acesso ao usuario,João,2024-08-14 19:54:44,0,2024-08-14 08:54:44,0,0
3037,32,problema no cerificado digital,gean,2024-08-14 20:26:26,0,2024-08-14 09:26:26,0,0
3040,32,impressora não imprime,joel,2024-08-14 21:38:11,26,2024-08-14 10:38:11,0,0
3043,32,pc não liga ,Tania,2024-08-16 20:08:09,21,2024-08-16 09:08:09,0,0
3045,32,colocar rede,Não informado,2024-08-16 21:22:06,0,2024-08-16 10:22:06,0,0
3047,32,não consegue acessar o token ,bruna,2024-08-16 21:29:22,0,2024-08-16 10:29:22,0,0
3049,32,arrumar configurações ,pedro,2024-08-19 19:29:13,0,2024-08-19 08:29:13,0,0
3050,32,não especificado ,Não informado,2024-08-19 19:29:45,0,2024-08-19 08:29:45,0,0
3051,32,habilitar pc ,lucia,2024-08-19 19:30:17,0,2024-08-19 08:30:17,0,0
3053,32,senha não entra,cejane,2024-08-19 20:28:49,27,2024-08-19 09:28:49,0,0
3054,32,pc não liga ,luciana,2024-08-19 20:31:29,23,2024-08-19 09:31:29,0,0
3056,32,colocar em outra impressora ,Eduardo e luciana ,2024-08-19 20:45:30,0,2024-08-19 09:45:30,0,0
3059,32,pc não incia ,Não informado,2024-08-20 19:33:58,44,2024-08-20 08:33:58,0,0
3060,32,ativar office,Não informado,2024-08-20 19:53:19,44,2024-08-20 08:53:19,0,0
3062,32,não consegue scannear,daltro,2024-08-20 20:19:51,29,2024-08-20 09:19:51,0,0
3064,32,pc pedindo senha,Não informado,2024-08-20 20:54:38,44,2024-08-20 09:54:38,0,0
3067,32,instalar impressora ,bruno,2024-08-21 22:04:09,0,2024-08-21 09:51:10,0,0
3069,32,"sem internet, instalar pc ",ricardo,2024-08-21 22:35:51,0,2024-08-21 11:35:51,0,0
3070,32,problema no audio,antonio,2024-08-21 23:04:41,0,2024-08-21 12:04:41,0,0
3071,32,instalar pc ,Não informado,2024-08-22 21:05:54,0,2024-08-22 10:05:54,0,0
3074,32,Arrumar impressora ,Isabel,2024-08-23 20:56:13,0,2024-08-23 09:56:13,0,0
3075,32,Mudar Pc de lugar ,Não informado,2024-08-23 22:41:46,0,2024-08-23 11:41:46,0,0
3078,32,pc não liga ,ricardo,2024-08-26 19:24:48,45,2024-08-26 08:24:48,0,0
3080,32,pc com problema,Não informado,2024-08-27 21:40:14,21,2024-08-27 10:40:14,0,0
3083,32,impressora não imprime,Tania,2024-08-27 22:14:19,21,2024-08-27 11:14:02,0,0
3084,32,pc se desligando ,Não informado,2024-08-27 22:14:38,0,2024-08-27 11:14:38,0,0
3085,32,trocar mesa ,estagiario,2024-08-27 22:22:04,37,2024-08-27 11:22:04,0,0
3087,32,pc não abre nada ,Valeria,2024-08-28 19:46:09,32,2024-08-28 08:46:09,0,0
3088,32,não consegue abrir um programa ,Não informado,2024-08-28 20:55:21,0,2024-08-28 09:55:21,0,0
3090,32,configurar impressora,Luciana,2024-08-28 21:19:06,23,2024-08-28 10:19:06,0,0
3092,32,não especificado ,Não informado,2024-08-28 21:47:11,0,2024-08-28 10:47:11,0,0
3094,32,pc não liga ,Mariane,2024-08-28 22:08:23,0,2024-08-28 11:08:23,0,0
3095,32,instalar impressora ,jean,2024-08-28 22:16:57,0,2024-08-28 11:16:57,0,0
3096,32,sem internet ,vice,2024-08-29 20:40:07,0,2024-08-29 09:40:07,0,0
3097,32,sem internet ,Não informado,2024-08-29 21:55:53,0,2024-08-29 10:55:53,0,0
3100,32,sem internet ,silvia ,2024-08-30 20:05:37,28,2024-08-30 09:05:37,0,0
3101,32,não consegue imprimir ,nilo,2024-08-30 20:22:12,27,2024-08-30 09:22:12,0,0
3103,32,sem internet ,mariele,2024-08-30 22:49:24,33,2024-08-30 11:49:24,0,0
3105,32,não consegue imprimir,Não informado,2024-09-03 21:04:57,32,2024-09-03 10:04:57,0,0
3106,32,não consegue imprimir,Não informado,2024-09-03 21:05:49,32,2024-09-03 10:05:49,0,0
3108,15,Scanner ,Não informado,2024-09-03 23:58:01,23,2024-09-03 12:58:01,0,0
3109,32,sem acesso ao google ,elza,2024-09-04 20:00:40,0,2024-09-04 09:00:40,0,0
3111,32,imprimindo errado ,Não informado,2024-09-05 20:35:16,11,2024-09-05 09:35:16,0,0
3112,32,não especificado ,antonio,2024-09-05 21:23:50,0,2024-09-05 10:23:50,0,0
3114,32,configurar pc ,clenair ,2024-09-06 20:08:46,41,2024-09-06 09:08:46,0,0
3115,32,não especificado,cristiane,2024-09-06 22:53:50,29,2024-09-06 11:53:50,0,0
3117,32,teclado não funciona ,Mariele,2024-09-09 19:30:28,33,2024-09-09 08:30:28,0,0
3119,32,instalação  do word,daiane,2024-09-09 20:21:54,0,2024-09-09 09:21:35,0,0
3121,32,configurar etiquetadora no pc,wagner,2024-09-09 21:06:29,0,2024-09-09 10:06:29,0,0
3123,32,não consegue scannear ,Luana,2024-09-09 21:35:20,26,2024-09-09 10:35:20,0,0
3124,32,atualizar sistema  9h,clenair ,2024-09-10 00:00:00,41,2024-09-09 11:17:17,0,0